Yaw;Pitch;Roll;Ang_vel_x;Ang_vel_y;Ang_vel_z;u(z);t;setpoint;pwm
355.3125;-0.625;-1.625;-0.02;0.01;-0.01;0.00364;0;160;16.49
355.3125;-0.5625;-1.6875;-0.01;0.02;0;0.00363;0.04;160;26.89
355.3125;-0.5;-1.6875;-0.01;0.01;0;0.00361;0.09;160;41.37
355.3125;-0.5;-1.75;0;0.02;-0.01;0.00362;0.13;160.02;54.1
355.3125;-0.5;-1.8125;0;0.01;-0.01;0.00358;0.18;160.05;67.55
355.3125;-0.5;-1.8125;0.02;0;0;0.00353;0.36;160.09;117.36
355.3125;-0.5;-1.875;0.02;0;-0.01;0.00348;0.37;160.09;118.05
355.3125;-0.5625;-1.875;0.02;-0.01;-0.01;0.00351;0.38;160.36;122.22
355.3125;-0.625;-1.875;0.02;-0.01;0;0.00343;0.43;160.4;136.02
355.3125;-0.625;-1.875;0.01;-0.01;0.01;0.00338;0.47;160.51;147.19
355.3125;-0.6875;-1.8125;0.01;-0.02;0.01;0.00333;0.52;160.61;160.03
355.3125;-0.6875;-1.8125;0.01;-0.01;0.05;0.00312;0.57;160.75;171.39
355.1875;-0.75;-1.75;-0.01;-0.01;0.15;0.00263;0.75;160.88;208.44
355.1875;-0.75;-1.75;-0.01;-0.01;0.18;0.00239;0.75;160.88;208.67
354.25;-0.6875;-1.5625;-0.01;0;0.2;0.00232;0.76;161.53;210.78
353.6875;-0.6875;-1.5625;-0.02;0.01;0.27;0.00197;0.8;161.57;217.17
353.1875;-0.625;-1.5;-0.02;0.02;0.35;0.00152;0.85;161.75;223.06
352.375;-0.625;-1.5;-0.01;0.02;0.45;0.00102;0.9;161.97;227.08
351.25;-0.5625;-1.5625;-0.01;0.03;0.52;0.00068;0.96;162.2;229.81
349.9375;-0.625;-1.5625;0.02;0.03;0.54;0.00054;1.22;162.45;240.79
349.9375;-0.625;-1.5625;0.02;0.02;0.57;0.00033;1.22;162.45;240.83
342.5625;-0.875;-1.6875;0.02;0.01;0.65;-0.00009;1.24;163.93;240.66
340.8125;-0.9375;-1.6875;0.02;0;0.73;-0.00047;1.29;164.08;238.95
338.875;-1.0625;-1.6875;0.01;-0.01;0.81;-0.00091;1.46;164.38;226.97
338.875;-1.0625;-1.6875;0.01;0;0.81;-0.00097;1.46;164.38;226.87
332.75;-1.3125;-1.5;0;0;0.81;-0.00097;1.49;165.54;224.58
330.5;-1.3125;-1.375;-0.01;0.01;0.8;-0.00093;1.54;165.76;220.92
328.3125;-1.375;-1.3125;-0.01;0.02;0.79;-0.0009;1.59;166.13;217.54
326.0625;-1.375;-1.25;-0.01;0.03;0.78;-0.00088;1.63;166.5;214.32
323.9375;-1.375;-1.25;-0.01;0.03;0.77;-0.00087;1.68;166.87;211.11
321.75;-1.375;-1.3125;0;0.04;0.8;-0.0011;1.9;167.24;191.74
316.0625;-1.4375;-1.375;0.01;0.03;0.82;-0.00121;1.91;167.24;191.57
313.8125;-1.4375;-1.4375;0.01;0.03;0.81;-0.00121;1.91;169.16;190.79
311.5625;-1.5;-1.4375;0.02;0.02;0.8;-0.00118;1.96;169.24;186.59
309.375;-1.5;-1.4375;0.02;0.02;0.79;-0.00117;2.01;169.64;181.99
307.625;-1.5625;-1.4375;0.01;0;0.72;-0.00091;2.25;170.09;165.06
301.3125;-1.6875;-1.25;0;-0.01;0.69;-0.00082;2.25;170.09;164.94
299.375;-1.6875;-1.1875;-0.01;0;0.68;-0.00084;2.26;172.34;164.58
297.4375;-1.6875;-1.125;-0.01;0;0.66;-0.00076;2.3;172.4;161.85
295.625;-1.6875;-1.0625;-0.01;0.01;0.63;-0.00068;2.49;172.84;151.67
292.375;-1.625;-0.9375;-0.01;0.02;0.62;-0.00065;2.49;172.84;151.56
290.625;-1.5625;-0.9375;0;0.03;0.6;-0.0006;2.5;174.76;151.46
288.9375;-1.5625;-0.9375;0;0.03;0.59;-0.00058;2.54;174.78;149.39
287.3125;-1.5625;-0.9375;0;0.03;0.57;-0.00054;2.59;175.25;147.31
286;-1.5;-1;0.01;0.03;0.56;-0.00054;2.64;175.75;145.28
284.4375;-1.5;-1.0625;0.01;0.03;0.55;-0.00048;2.69;176.24;143.4
282.9375;-1.5;-1.0625;0.02;0.02;0.52;-0.00041;2.84;176.76;138.65
280.25;-1.5625;-1.125;0.01;0.01;0.51;-0.00037;2.84;176.76;138.59
278.8125;-1.625;-1.125;0.01;0;0.5;-0.00038;2.87;178.3;137.59
277.6875;-1.625;-1.0625;0.01;-0.01;0.48;-0.00034;2.92;178.65;136.29
276.375;-1.625;-1.0625;0;-0.01;0.47;-0.00031;2.97;179.16;135.19
275.0625;-1.625;-1;-0.01;-0.01;0.45;-0.00024;3.01;179.63;134.25
274;-1.625;-0.9375;-0.01;-0.01;0.44;-0.00023;3.18;180.15;131.19
274;-1.625;-0.9375;-0.01;0;0.42;-0.00019;3.19;181.93;131.16
270.375;-1.5;-0.8125;-0.01;0.01;0.43;-0.00026;3.21;181.95;130.77
269.1875;-1.4375;-0.8125;-0.01;0.01;0.43;-0.00031;3.25;182.15;129.6
268.1875;-1.4375;-0.75;-0.01;0.02;0.43;-0.00033;3.3;182.64;128.32
267;-1.375;-0.75;0;0.03;0.43;-0.00033;3.35;183.16;127.2
265.8125;-1.375;-0.8125;0.01;0.03;0.41;-0.00031;3.53;183.62;122.88
263.75;-1.375;-0.875;0.02;0.03;0.41;-0.00027;3.53;183.62;122.85
262.625;-1.375;-0.9375;0.02;0.02;0.39;-0.00029;3.54;185.48;122.62
261.5;-1.375;-0.9375;0.02;0.02;0.4;-0.00033;3.59;185.58;121.37
260.375;-1.4375;-1;0.02;0.01;0.4;-0.00036;3.63;186.06;120.05
259.5;-1.5;-1;0.01;0.01;0.39;-0.00036;3.68;186.52;118.75
258.4375;-1.5;-1;0.01;0;0.39;-0.00038;3.73;186.97;117.36
257.5625;-1.5;-0.9375;0;-0.01;0.38;-0.00038;3.88;187.43;112.83
255.4375;-1.5;-0.875;-0.01;-0.01;0.38;-0.00034;3.88;187.43;112.79
254.375;-1.5;-0.875;-0.01;-0.01;0.38;-0.0004;3.92;188.91;111.66
253.5;-1.4375;-0.8125;-0.02;0;0.36;-0.00036;3.97;189.25;110.23
252.5;-1.375;-0.8125;-0.02;0;0.36;-0.00037;4.02;189.71;108.72
251.5;-1.3125;-0.75;-0.01;0.01;0.36;-0.00037;4.07;190.18;107.3
250.5;-1.25;-0.75;-0.01;0.02;0.34;-0.00037;4.22;190.61;102.84
250.5;-1.25;-0.75;0;0.02;0.34;-0.0003;4.23;190.61;102.81
247.625;-1.1875;-0.8125;0.01;0.02;0.33;-0.00034;4.26;191.97;101.79
246.6875;-1.125;-0.875;0.02;0.02;0.33;-0.00035;4.31;192.28;100.45
245.75;-1.1875;-0.875;0.02;0.03;0.33;-0.00035;4.36;192.68;99.12
245.0625;-1.1875;-0.9375;0.02;0.01;0.32;-0.00033;4.41;193.07;97.83
244.125;-1.25;-1;0.02;0;0.31;-0.00032;4.57;193.47;93.92
242.4375;-1.3125;-0.9375;0.01;0;0.3;-0.00022;4.57;193.47;93.88
241.5625;-1.3125;-0.9375;0;-0.01;0.3;-0.00027;4.6;194.65;93.23
240.875;-1.3125;-0.9375;-0.01;-0.01;0.29;-0.00028;4.65;194.87;92.14
240.0625;-1.3125;-0.875;-0.01;-0.01;0.29;-0.00027;4.7;195.21;91.12
239.25;-1.3125;-0.875;-0.02;-0.01;0.28;-0.00024;4.75;195.54;90.25
238.5;-1.25;-0.875;-0.02;0;0.27;-0.00021;4.92;195.84;87.49
237.125;-1.125;-0.8125;-0.01;0.01;0.26;-0.00012;4.92;195.84;87.47
236.375;-1.125;-0.8125;-0.01;0.01;0.26;-0.00015;4.93;196.87;87.26
235.6875;-1.0625;-0.8125;-0.01;0.02;0.25;-0.00014;4.98;196.97;86.72
235.125;-1.0625;-0.8125;0;0.02;0.25;-0.00014;5.03;197.23;86.26
234.4375;-1.0625;-0.875;0.01;0.02;0.25;-0.00013;5.07;197.46;85.77
233.6875;-1.125;-0.9375;0.02;0.02;0.24;-0.0001;5.27;197.7;84.3
232.5;-1.125;-1;0.02;0.02;0.23;0.00001;5.27;197.7;84.3
231.875;-1.25;-1;0.02;0.01;0.23;-0.00002;5.27;197.7;84.3
231.1875;-1.3125;-1;0.01;0;0.23;-0.00005;5.32;198.56;84.12
230.5625;-1.375;-1;0.01;0;0.22;-0.00001;5.37;198.75;84.1
229.9375;-1.4375;-1;0.01;-0.01;0.22;0.00001;5.42;198.91;84.13
229.375;-1.4375;-1;0;-0.01;0.21;0.00002;5.47;199.07;84.2
228.875;-1.4375;-0.9375;-0.01;-0.01;0.21;0.00003;5.61;199.22;84.56
228.875;-1.4375;-0.9375;-0.02;-0.01;0.21;0.00007;5.61;199.22;84.57
227.125;-1.4375;-0.875;-0.02;-0.01;0.21;0.00004;5.67;199.59;84.74
226.5625;-1.375;-0.875;-0.02;0.01;0.21;0.00004;5.7;199.69;84.88
226.0625;-1.3125;-0.875;-0.02;0.02;0.21;0.00006;5.75;199.76;85.1
225.5;-1.3125;-0.875;-0.01;0.02;0.2;0.00009;5.8;199.83;85.46
224.9375;-1.25;-0.875;0;0.02;0.21;0.00007;5.96;199.89;86.24
224.9375;-1.25;-0.875;0.01;0.02;0.21;0.00012;5.96;199.89;86.26
223.3125;-1.1875;-1;0.01;0.02;0.21;0.00008;5.99;200;86.46
222.75;-1.1875;-1;0.02;0.02;0.21;0.00009;6.04;200;86.81
222.3125;-1.25;-1.0625;0.02;0.01;0.2;0.00011;6.08;200;87.18
221.75;-1.25;-1.0625;0.02;0;0.21;0.00007;6.13;199.98;87.45
221.125;-1.3125;-1.0625;0.01;0;0.21;0.00006;6.3;199.95;88.21
220.0625;-1.3125;-1;0.01;-0.01;0.21;0.00013;6.3;199.95;88.23
219.5;-1.3125;-1;0;-0.01;0.21;0.00012;6.33;199.75;88.47
218.9375;-1.3125;-1;-0.01;-0.01;0.21;0.00011;6.38;199.71;88.9
218.3125;-1.3125;-0.9375;-0.01;0;0.21;0.00012;6.42;199.61;89.32
217.75;-1.25;-0.875;-0.02;-0.01;0.21;0.00012;6.47;199.51;89.77
217.1875;-1.1875;-0.875;-0.02;0.01;0.23;0.00002;6.64;199.39;90.03
216.0625;-1.0625;-0.875;-0.01;0.02;0.22;0.00009;6.65;199.39;90.04
215.4375;-1;-0.875;-0.01;0.02;0.22;0.00009;6.67;198.86;90.2
214.875;-1;-0.875;0;0.02;0.22;0.00009;6.71;198.79;90.54
214.25;-1;-0.9375;0;0.03;0.22;0.0001;6.76;198.62;90.92
213.625;-0.9375;-1;0.01;0.02;0.22;0.00009;6.82;198.43;91.32
213;-0.9375;-1.0625;0.02;0.01;0.23;0.00001;7;198.2;91.4
211.25;-1.0625;-1.0625;0.02;0;0.23;0.00005;7.01;198.2;91.41
210.75;-1.125;-1.0625;0.01;-0.01;0.23;0.00008;7.05;197.29;91.66
210.125;-1.125;-1.0625;0.01;-0.01;0.22;0.0001;7.09;197.08;92.04
209.625;-1.1875;-1;0;-0.01;0.22;0.00009;7.14;196.81;92.39
209;-1.1875;-1;0;-0.01;0.23;0.00007;7.19;196.54;92.66
208.375;-1.1875;-1;-0.02;-0.01;0.23;0.00007;7.36;196.26;93.69
208.375;-1.1875;-1;-0.02;0;0.22;0.00011;7.37;196.26;93.71
206.625;-1.1875;-0.9375;-0.02;0.01;0.23;0.00009;7.38;195.1;93.82
205.9375;-1.125;-0.875;-0.02;0.01;0.23;0.00008;7.43;194.99;94.1
205.3125;-1.125;-0.875;-0.01;0.02;0.23;0.0001;7.48;194.66;94.45
204.6875;-1.0625;-0.9375;-0.01;0.03;0.23;0.0001;7.52;194.32;94.81
204.1875;-1.0625;-0.9375;0.01;0.02;0.23;0.00004;7.67;193.96;95.29
204.1875;-1.0625;-0.9375;0.01;0.03;0.23;0.00007;7.67;193.96;95.3
202.25;-1.125;-1.125;0.02;0.02;0.23;0.00007;7.72;192.79;95.54
201.5625;-1.1875;-1.1875;0.02;0.01;0.23;0.00007;7.77;192.45;95.81
201.0625;-1.1875;-1.1875;0.02;0.01;0.24;0.00005;7.81;192.04;96.01
200.4375;-1.25;-1.1875;0.02;0;0.23;0.00008;7.86;191.63;96.3
199.75;-1.3125;-1.125;0.01;-0.01;0.24;0.00005;7.91;191.22;96.48
199.125;-1.375;-1.125;0.01;-0.01;0.25;-0.00002;7.96;190.79;96.4
198.4375;-1.375;-1.125;0;-0.01;0.25;-0.00004;8;190.36;96.25
197.875;-1.375;-1.0625;-0.01;-0.01;0.25;-0.00003;8.05;189.95;96.15
197.1875;-1.375;-1;-0.01;-0.01;0.24;0;8.1;189.53;96.15
196.5;-1.375;-0.9375;-0.01;0;0.24;0.00002;8.15;189.08;96.2
195.9375;-1.3125;-0.9375;-0.01;0;0.24;0.00001;8.19;188.65;96.25
195.25;-1.25;-0.9375;-0.02;0.01;0.24;0.00001;8.24;188.21;96.28
194.625;-1.1875;-0.875;-0.01;0.02;0.25;-0.00003;8.29;187.76;96.18
193.9375;-1.125;-0.9375;-0.01;0.03;0.25;-0.00004;8.34;187.29;96.01
193.375;-1.125;-0.9375;0;0.03;0.25;-0.00005;8.39;186.8;95.8
192.6875;-1.125;-1;0;0.02;0.25;-0.00005;8.44;186.3;95.59
192;-1.125;-1.0625;0.01;0.03;0.24;-0.00004;8.49;185.8;95.44
191.3125;-1.125;-1.0625;0.02;0.02;0.25;-0.00009;8.54;185.3;95.07
190.625;-1.125;-1.125;0.02;0.01;0.25;-0.00011;8.59;184.79;94.64
189.9375;-1.125;-1.125;0.01;0;0.24;-0.00008;8.64;184.27;94.36
189.25;-1.1875;-1.125;0.01;0;0.24;-0.00007;8.69;183.79;94.08
188.5625;-1.1875;-1.125;0.01;-0.01;0.24;-0.00008;8.73;183.27;93.78
187.9375;-1.25;-1.125;0.01;-0.02;0.25;-0.00012;8.78;182.81;93.31
187.375;-1.25;-1.0625;0;-0.02;0.24;-0.0001;8.83;182.3;92.92
186.6875;-1.25;-1;-0.01;-0.02;0.24;-0.00009;8.88;181.77;92.58
186;-1.25;-0.9375;-0.01;-0.01;0.24;-0.0001;8.93;181.28;92.19
185.375;-1.1875;-0.875;-0.01;-0.01;0.24;-0.00014;8.97;180.76;91.69
184.6875;-1.1875;-0.875;-0.02;0;0.24;-0.00013;9.02;180.27;91.19
184;-1.125;-0.8125;-0.01;0.01;0.24;-0.00016;9.07;179.77;90.58
183.5;-1.0625;-0.8125;-0.01;0.02;0.24;-0.00017;9.12;179.26;89.89
182.8125;-1.0625;-0.8125;-0.01;0.02;0.24;-0.00018;9.17;178.72;89.23
182.1875;-1.0625;-0.875;0;0.03;0.23;-0.00016;9.22;178.23;88.58
181.5;-1;-0.9375;0.01;0.03;0.22;-0.00013;9.26;177.7;88.16
181;-1;-0.9375;0.01;0.03;0.22;-0.00016;9.31;177.26;87.59
180.375;-1;-1;0.01;0.02;0.22;-0.00017;9.36;176.78;86.95
179.75;-1;-1.0625;0.01;0.02;0.22;-0.00019;9.41;176.29;86.23
179.125;-1.0625;-1.125;0.01;0.01;0.23;-0.00022;9.45;175.79;85.45
178.625;-1.0625;-1.125;0.02;0;0.23;-0.00023;9.5;175.33;84.6
178;-1.125;-1.125;0.01;-0.01;0.23;-0.00024;9.54;174.86;83.68
177.375;-1.125;-1.0625;0.01;-0.01;0.22;-0.00021;9.59;174.37;82.85
176.875;-1.1875;-1.0625;0;-0.01;0.21;-0.00021;9.64;173.88;82.06
176.3125;-1.1875;-1.0625;0;-0.02;0.21;-0.00021;9.69;173.4;81.25
175.6875;-1.1875;-1;-0.01;-0.01;0.21;-0.00025;9.74;172.92;80.34
175.125;-1.1875;-0.9375;-0.01;-0.01;0.2;-0.00022;9.79;172.46;79.5
174.5625;-1.1875;-0.875;-0.01;0;0.2;-0.00023;9.84;172;78.6
174;-1.1875;-0.875;-0.02;0;0.2;-0.00025;9.88;171.52;77.67
173.5625;-1.125;-0.875;-0.01;0.01;0.2;-0.00026;9.93;171.07;76.67
173;-1.125;-0.8125;-0.01;0.02;0.2;-0.00028;9.98;170.61;75.65
172.4375;-1.125;-0.875;0;0.02;0.19;-0.00025;10.03;170.18;74.67
171.875;-1.125;-0.875;0;0.02;0.18;-0.00025;10.08;169.73;73.75
171.375;-1.125;-0.9375;0;0.03;0.18;-0.00024;10.12;169.32;72.84
171;-1.125;-1;0.01;0.03;0.18;-0.00026;10.17;168.89;71.83
170.5;-1.125;-1.0625;0.01;0.02;0.18;-0.00029;10.22;168.47;70.7
170;-1.1875;-1.125;0.01;0.02;0.18;-0.0003;10.27;168.05;69.58
169.5;-1.1875;-1.1875;0.01;0.01;0.18;-0.00033;10.32;167.66;68.39
169;-1.25;-1.1875;0.01;0;0.17;-0.00033;10.37;167.28;67.04
168.625;-1.3125;-1.1875;0.01;-0.01;0.17;-0.00034;10.41;166.86;65.92
168.1875;-1.3125;-1.1875;0.01;-0.01;0.16;-0.00033;10.46;166.54;64.74
167.8125;-1.3125;-1.125;0;-0.02;0.15;-0.00032;10.5;166.19;63.6
167.375;-1.375;-1.0625;0;-0.02;0.15;-0.00032;10.55;165.84;62.35
166.9375;-1.375;-1;-0.01;-0.02;0.15;-0.00032;10.6;165.47;61.22
166.625;-1.375;-1;-0.01;-0.01;0.14;-0.00032;10.65;165.15;59.99
166.25;-1.375;-0.9375;-0.01;0;0.14;-0.00031;10.7;164.81;58.76
165.8125;-1.3125;-0.9375;-0.01;0.01;0.13;-0.00031;10.75;164.47;57.56
165.4375;-1.3125;-0.875;-0.01;0.02;0.13;-0.00033;10.8;164.15;56.2
165.125;-1.25;-0.9375;-0.01;0.02;0.12;-0.00034;10.85;163.81;54.96
164.75;-1.25;-0.9375;0;0.03;0.13;-0.00039;10.9;163.53;53.43
164.375;-1.3125;-1;0;0.02;0.12;-0.00038;10.95;163.24;51.94
164.0625;-1.3125;-1.0625;0.01;0.03;0.12;-0.00037;11;162.96;50.4
163.6875;-1.3125;-1.125;0.01;0.02;0.11;-0.00037;11.05;162.68;48.99
163.375;-1.3125;-1.1875;0.01;0.01;0.1;-0.00037;11.1;162.43;47.58
163.0625;-1.375;-1.25;0.01;0.01;0.1;-0.00037;11.15;162.19;46.03
162.8125;-1.375;-1.25;0.01;0;0.09;-0.00037;11.2;161.94;44.52
162.5625;-1.4375;-1.25;0.01;-0.01;0.09;-0.00039;11.25;161.72;43.2
162.25;-1.4375;-1.25;0;-0.01;0.09;-0.00039;11.29;161.54;41.81
162;-1.4375;-1.1875;0;-0.02;0.08;-0.0004;11.34;161.36;40.27
161.8125;-1.4375;-1.1875;-0.01;-0.02;0.08;-0.00039;11.39;161.18;38.8
161.625;-1.4375;-1.125;-0.01;-0.02;0.07;-0.00037;11.44;161.02;37.42
161.4375;-1.4375;-1.0625;-0.01;-0.01;0.06;-0.00036;11.48;160.87;36.07
161.25;-1.4375;-1;-0.02;-0.01;0.06;-0.00037;11.53;160.73;34.67
161.125;-1.375;-1;-0.02;0;0.05;-0.00036;11.58;160.6;33.3
160.9375;-1.375;-0.9375;-0.01;0.01;0.05;-0.00039;11.63;160.48;31.79
160.8125;-1.3125;-0.9375;-0.01;0.01;0.04;-0.00038;11.68;160.37;30.31
160.6875;-1.3125;-1;0;0.02;0.03;-0.00033;11.73;160.28;28.97
160.5625;-1.3125;-1.0625;0;0.02;0.02;-0.00032;11.78;160.2;27.86
160.5;-1.3125;-1.125;0;0.03;0.02;-0.00033;11.83;160.14;26.46
160.4375;-1.3125;-1.1875;0.01;0.02;0.01;-0.00032;11.87;160.08;25.5
160.4375;-1.3125;-1.25;0.01;0.02;0.01;-0.00032;11.92;160.05;24.29
160.4375;-1.3125;-1.3125;0.01;0.01;0;-0.00032;11.96;160.02;23.09
160.4375;-1.3125;-1.3125;0.01;0;0;-0.00033;12.01;160;21.86
160.4375;-1.375;-1.3125;0.01;0;-0.01;-0.00031;12.06;160;20.65
160.4375;-1.375;-1.3125;0;-0.01;-0.01;-0.00032;12.11;160.01;19.41
160.4375;-1.375;-1.3125;0;-0.02;-0.02;-0.0003;12.15;160.03;18.43
160.4375;-1.375;-1.3125;0;-0.02;-0.03;-0.00028;12.21;160.07;17.3
160.5;-1.375;-1.25;-0.01;-0.02;-0.03;-0.0003;12.25;160.12;16.23
160.625;-1.375;-1.1875;-0.01;-0.02;-0.03;-0.00031;12.3;160.17;15.08
160.6875;-1.375;-1.125;-0.01;-0.02;-0.04;-0.00028;12.35;160.25;13.87
160.8125;-1.375;-1.125;-0.01;-0.01;-0.04;-0.00029;12.4;160.34;12.95
160.875;-1.3125;-1.0625;-0.01;0;-0.05;-0.00028;12.44;160.43;11.85
161;-1.3125;-1.0625;-0.01;0;-0.05;-0.00027;12.49;160.54;10.8
161.125;-1.3125;-1.0625;-0.01;0.01;-0.04;-0.00037;12.54;160.67;9.42
161.25;-1.3125;-1.0625;0;0.02;-0.03;-0.00042;12.59;160.8;7.9
161.375;-1.3125;-1.125;0;0.02;-0.04;-0.00041;12.64;160.94;6.34
161.4375;-1.3125;-1.1875;0;0.02;-0.04;-0.00042;12.69;161.1;4.71
161.5625;-1.3125;-1.25;0;0.02;-0.05;-0.0004;12.74;161.28;3.12
161.6875;-1.3125;-1.3125;0;0.02;-0.05;-0.00039;12.79;161.47;1.64
161.8125;-1.3125;-1.3125;0;0.01;-0.04;-0.00048;12.84;161.67;-0.23
161.9375;-1.3125;-1.375;0;0;-0.03;-0.00054;12.89;161.89;-2.33
162.0625;-1.3125;-1.375;0;0;-0.03;-0.00057;12.94;162.12;-4.57
162.125;-1.3125;-1.375;0;-0.01;-0.04;-0.00056;12.99;162.36;-6.74
162.25;-1.3125;-1.375;0;-0.01;-0.05;-0.00054;13.03;162.61;-8.73
162.375;-1.3125;-1.375;0;-0.01;-0.05;-0.00052;13.08;162.86;-10.72
162.5;-1.3125;-1.375;0;-0.02;-0.05;-0.00055;13.13;163.13;-12.65
162.625;-1.3125;-1.3125;0;-0.01;-0.06;-0.00053;13.17;163.39;-14.59
162.75;-1.3125;-1.25;0;-0.02;-0.04;-0.00065;13.22;163.66;-16.95
162.875;-1.3125;-1.25;0;-0.01;-0.04;-0.00068;13.27;163.95;-19.46
162.9375;-1.3125;-1.1875;0;0;-0.06;-0.0006;13.32;164.25;-21.73
163.125;-1.3125;-1.1875;0;0;-0.1;-0.0004;13.36;164.56;-23.15
163.3125;-1.3125;-1.1875;-0.01;0.01;-0.16;-0.0001;13.41;164.87;-23.54
163.6875;-1.25;-1.1875;0;0.01;-0.21;0.00015;13.46;165.24;-22.99
164.125;-1.25;-1.25;-0.01;0.03;-0.23;0.00024;13.51;165.57;-22.07
164.75;-1.25;-1.3125;0;0.01;-0.22;0.00019;13.56;165.93;-21.34
165.375;-1.25;-1.375;0;0.02;-0.21;0.00011;13.61;166.31;-20.91
166;-1.25;-1.4375;0;0.01;-0.19;0.00001;13.66;166.7;-20.87
166.5;-1.1875;-1.5;0;0.01;-0.17;-0.00006;13.71;167.09;-21.08
167;-1.1875;-1.5;0;0;-0.19;0.00003;13.76;167.49;-20.98
167.5;-1.1875;-1.5;0;-0.01;-0.2;0.00007;13.81;167.91;-20.68
168.0625;-1.1875;-1.5;0;-0.02;-0.21;0.00009;13.86;168.33;-20.35
168.6875;-1.125;-1.5;0;-0.02;-0.2;0.00006;13.9;168.72;-20.11
169.25;-1.125;-1.4375;0;-0.02;-0.19;-0.00001;13.95;169.14;-20.16
169.75;-1.125;-1.4375;0;-0.02;-0.19;-0.00002;14;169.59;-20.21
170.1875;-1.125;-1.375;0;-0.02;-0.18;-0.00004;14.05;170.01;-20.36
170.6875;-1.125;-1.3125;0;-0.02;-0.2;0.00003;14.09;170.46;-20.25
171.1875;-1.0625;-1.25;0;-0.01;-0.2;0.00004;14.14;170.87;-20.1
171.75;-1.0625;-1.25;0;0;-0.2;0.00003;14.19;171.33;-19.98
172.1875;-1.0625;-1.25;0;0;-0.19;-0.00001;14.24;171.8;-20
172.75;-1.0625;-1.25;0;0.01;-0.19;0;14.29;172.28;-20.01
173.25;-1.0625;-1.25;0;0.01;-0.18;-0.00004;14.34;172.76;-20.18
173.75;-1.0625;-1.3125;0;0.02;-0.2;0.00005;14.39;173.25;-19.99
174.3125;-1;-1.375;0;0.02;-0.21;0.00009;14.44;173.73;-19.66
174.875;-1;-1.4375;0;0.02;-0.2;0.00006;14.48;174.19;-19.46
175.3125;-1;-1.5;-0.01;0.02;-0.19;0.00003;14.53;174.67;-19.33
175.875;-1;-1.5625;-0.01;0.01;-0.19;0.00002;14.58;175.14;-19.27
176.375;-0.9375;-1.625;-0.01;0;-0.19;0;14.63;175.61;-19.27
176.8125;-0.9375;-1.625;-0.01;0;-0.19;0.00001;14.67;176.1;-19.23
177.3125;-0.9375;-1.625;-0.01;-0.01;-0.18;-0.00002;14.72;176.6;-19.3
177.8125;-0.9375;-1.625;-0.01;-0.02;-0.2;0.0001;14.77;177.06;-18.93
178.375;-0.875;-1.625;-0.01;-0.02;-0.21;0.00012;14.82;177.57;-18.47
178.9375;-0.875;-1.5625;-0.01;-0.03;-0.2;0.0001;14.87;178.08;-18.06
179.375;-0.875;-1.5;0;-0.03;-0.19;0.00008;14.92;178.63;-17.76
179.9375;-0.875;-1.4375;0;-0.03;-0.19;0.00007;14.97;179.12;-17.49
180.4375;-0.875;-1.375;0;-0.02;-0.18;0.00004;15.02;179.65;-17.34
181;-0.8125;-1.3125;0.01;-0.01;-0.18;0.00005;15.07;180.17;-17.13
181.5;-0.8125;-1.3125;0.01;0;-0.19;0.00007;15.11;180.68;-16.86
182;-0.8125;-1.3125;0.01;0.01;-0.2;0.00016;15.16;181.18;-16.27
182.5625;-0.8125;-1.3125;0.01;0.02;-0.21;0.0002;15.21;181.69;-15.53
183.125;-0.8125;-1.375;0;0.02;-0.2;0.00019;15.26;182.17;-14.77
183.5625;-0.75;-1.4375;0;0.03;-0.19;0.00015;15.31;182.69;-14.19
184.125;-0.75;-1.5;0;0.03;-0.2;0.00019;15.36;183.2;-13.41
184.625;-0.75;-1.5625;-0.01;0.02;-0.18;0.00013;15.41;183.74;-12.92
185.1875;-0.75;-1.625;-0.01;0.02;-0.18;0.00015;15.45;184.24;-12.37
185.6875;-0.6875;-1.6875;-0.01;0.01;-0.19;0.00021;15.5;184.71;-11.58
186.1875;-0.6875;-1.6875;-0.01;0;-0.21;0.00029;15.55;185.19;-10.51
186.75;-0.625;-1.6875;-0.02;-0.01;-0.21;0.0003;15.6;185.67;-9.31
187.25;-0.5625;-1.6875;-0.01;-0.02;-0.2;0.0003;15.65;186.17;-8.15
187.8125;-0.5;-1.6875;-0.01;-0.03;-0.19;0.00028;15.7;186.67;-7.04
188.3125;-0.4375;-1.625;-0.01;-0.03;-0.19;0.00027;15.75;187.16;-5.95
188.875;-0.4375;-1.5625;0;-0.03;-0.18;0.00026;15.8;187.67;-4.96
189.375;-0.4375;-1.5;0;-0.02;-0.2;0.00039;15.85;188.14;-3.51
189.9375;-0.4375;-1.4375;0.01;-0.02;-0.21;0.00044;15.89;188.58;-1.88
190.5;-0.375;-1.375;0.01;-0.01;-0.2;0.00043;15.94;189.03;-0.33
190.9375;-0.375;-1.3125;0.01;-0.01;-0.2;0.00042;15.99;189.45;1.22
191.5;-0.375;-1.3125;0.02;0;-0.19;0.00042;16.03;189.88;2.73
192.0625;-0.4375;-1.3125;0.01;0.01;-0.19;0.00042;16.08;190.3;4.31
192.5;-0.4375;-1.375;0.01;0.02;-0.19;0.00044;16.13;190.72;5.91
193;-0.4375;-1.375;0;0.03;-0.19;0.00045;16.17;191.13;7.55
193.5;-0.4375;-1.4375;0;0.03;-0.2;0.00052;16.22;191.54;9.54
194.0625;-0.4375;-1.5625;0;0.03;-0.2;0.00058;16.27;191.95;11.75
194.5;-0.4375;-1.625;-0.01;0.02;-0.2;0.00061;16.32;192.36;14.13
195.0625;-0.4375;-1.6875;-0.01;0.01;-0.19;0.00058;16.37;192.76;16.41
195.5625;-0.375;-1.75;-0.02;0.01;-0.19;0.00058;16.43;193.16;18.86
196.125;-0.3125;-1.75;-0.02;-0.01;-0.16;0.00048;16.47;193.58;20.49
196.625;-0.25;-1.75;-0.02;-0.01;-0.09;0.00014;16.51;193.91;20.99
196.9375;-0.1875;-1.6875;-0.01;-0.02;-0.04;-0.0001;16.56;194.25;20.59
197.0625;-0.125;-1.6875;-0.01;-0.03;-0.01;-0.00022;16.61;194.61;19.72
197.125;-0.0625;-1.625;-0.01;-0.03;-0.01;-0.0002;16.66;194.96;18.96
197.125;-0.0625;-1.5;0;-0.02;-0.03;-0.00011;16.71;195.29;18.55
197.1875;-0.0625;-1.4375;0.01;-0.02;-0.05;0;16.76;195.6;18.57
197.3125;-0.0625;-1.375;0.01;-0.01;-0.07;0.00012;16.81;195.92;19.01
197.4375;-0.0625;-1.375;0.02;0;-0.06;0.00012;16.85;196.21;19.5
197.625;-0.125;-1.3125;0.02;0.01;-0.04;0.00005;16.9;196.51;19.67
197.8125;-0.1875;-1.3125;0.02;0.02;-0.04;0.00004;16.95;196.8;19.84
197.875;-0.1875;-1.375;0.02;0.02;-0.04;0.00006;17;197.08;20.08
198;-0.25;-1.4375;0.01;0.03;-0.05;0.00014;17.06;197.34;20.7
198.125;-0.25;-1.5;0;0.03;-0.06;0.00023;17.1;197.62;21.38
198.3125;-0.25;-1.5625;-0.01;0.02;-0.06;0.00022;17.15;197.81;22.22
198.4375;-0.25;-1.625;-0.01;0.02;-0.05;0.00018;17.19;198.03;22.89
198.625;-0.25;-1.6875;-0.02;0.01;-0.05;0.00021;17.24;198.24;23.65
198.75;-0.1875;-1.75;-0.02;0;-0.05;0.00022;17.29;198.44;24.49
198.875;-0.125;-1.75;-0.02;0;-0.05;0.00026;17.33;198.63;25.43
199;-0.0625;-1.75;-0.02;-0.02;-0.06;0.00034;17.38;198.8;26.67
199.125;0;-1.75;-0.01;-0.02;-0.06;0.00038;17.43;198.96;28.11
199.3125;0;-1.6875;-0.01;-0.02;-0.07;0.00043;17.48;199.11;29.72
199.5;0;-1.625;0;-0.02;-0.05;0.00034;17.53;199.26;31.07
199.625;0;-1.5625;0.01;-0.02;-0.04;0.00032;17.58;199.39;32.29
199.75;0;-1.5;0.02;-0.02;-0.04;0.00036;17.63;199.51;33.72
199.8125;0;-1.4375;0.02;-0.01;-0.05;0.00046;17.68;199.62;35.49
200;0;-1.4375;0.02;0;-0.05;0.00048;17.73;199.72;37.39
200.125;0;-1.375;0.02;0;-0.06;0.00054;17.78;199.8;39.81
200.3125;-0.0625;-1.375;0.02;0.01;-0.05;0.00054;17.83;199.87;41.57
200.4375;-0.125;-1.4375;0.01;0.02;-0.05;0.00052;17.87;199.92;43.49
200.625;-0.1875;-1.4375;0.01;0.02;-0.04;0.0005;17.92;199.96;45.39
200.6875;-0.1875;-1.5;0;0.02;-0.03;0.00051;17.97;199.98;47.37
200.8125;-0.1875;-1.5625;-0.01;0.03;-0.03;0.0005;18.02;200;49.44
200.875;-0.1875;-1.625;-0.02;0.02;-0.02;0.00051;18.07;200;51.39
200.9375;-0.125;-1.6875;-0.02;0.01;-0.02;0.00051;18.12;199.99;53.25
201;-0.0625;-1.75;-0.03;0.01;-0.01;0.00051;18.17;199.96;55.27
201;0;-1.75;-0.02;0;0;0.00048;18.22;199.92;57.1
201.0625;0;-1.75;-0.02;-0.01;0;0.00048;18.27;199.87;58.92
201.0625;0.0625;-1.75;-0.01;-0.02;0.01;0.00046;18.32;199.81;60.77
201;0.125;-1.75;0;-0.02;0.03;0.00039;18.36;199.72;62.09
200.9375;0.125;-1.6875;0;-0.02;0.03;0.0004;18.41;199.64;63.68
200.875;0.125;-1.625;0.01;-0.02;0.03;0.00043;18.46;199.54;65.32
200.8125;0.125;-1.5625;0.02;-0.02;0.04;0.0004;18.51;199.42;66.89
200.6875;0.0625;-1.5625;0.02;-0.01;0.04;0.0004;18.56;199.29;68.37
200.5625;0.0625;-1.5;0.02;0;0.06;0.00036;18.6;199.16;69.69
200.4375;0;-1.5;0.02;0;0.07;0.00034;18.65;199.01;70.92
200.25;0;-1.5;0.02;0.01;0.07;0.00031;18.7;198.85;72.06
200.0625;-0.0625;-1.5;0.01;0.02;0.08;0.00031;18.74;198.68;73.2
199.875;-0.125;-1.5625;0.01;0.02;0.08;0.0003;18.79;198.5;74.36
199.6875;-0.1875;-1.625;0;0.02;0.09;0.00028;18.84;198.3;75.32
199.4375;-0.1875;-1.6875;-0.01;0.03;0.1;0.00026;18.89;198.1;76.3
199.1875;-0.1875;-1.75;-0.02;0.02;0.1;0.00026;18.93;197.89;77.28
198.875;-0.1875;-1.8125;-0.02;0.02;0.11;0.00025;18.98;197.65;78.25
198.6875;-0.125;-1.8125;-0.02;0.01;0.11;0.00024;19.03;197.4;79.18
198.375;-0.0625;-1.875;-0.02;0.01;0.12;0.00023;19.08;197.14;80.08
198.0625;0;-1.875;-0.02;0;0.12;0.00023;19.13;196.86;80.97
197.75;0;-1.875;-0.02;-0.01;0.13;0.00019;19.18;196.58;81.71
197.375;0;-1.875;-0.01;-0.01;0.14;0.00017;19.23;196.28;82.37
197;0.0625;-1.875;0;-0.02;0.14;0.00018;19.28;195.97;83.05
196.625;0;-1.8125;0.01;-0.02;0.14;0.00019;19.33;195.67;83.72
196.25;0;-1.75;0.01;-0.02;0.14;0.00018;19.38;195.36;84.43
195.9375;0;-1.75;0.02;-0.01;0.15;0.00015;19.42;195.01;84.98
195.5625;0;-1.6875;0.02;-0.01;0.15;0.00014;19.47;194.69;85.52
195.125;-0.125;-1.6875;0.02;0;0.15;0.00016;19.52;194.33;86.1
194.6875;-0.1875;-1.6875;0.02;0.01;0.15;0.00015;19.57;193.99;86.65
194.3125;-0.25;-1.6875;0.02;0.01;0.15;0.00015;19.62;193.63;87.24
193.9375;-0.3125;-1.625;0.01;0.02;0.16;0.00013;19.67;193.25;87.77
193.5625;-0.375;-1.6875;0;0.02;0.16;0.00011;19.72;192.85;88.22
193.0625;-0.375;-1.6875;-0.01;0.03;0.16;0.00013;19.76;192.44;88.68
192.625;-0.4375;-1.75;-0.01;0.03;0.17;0.00009;19.81;192.05;89.01
192.125;-0.4375;-1.75;-0.02;0.02;0.17;0.00009;19.86;191.66;89.34
191.75;-0.375;-1.8125;-0.02;0.02;0.17;0.00008;19.9;191.26;89.65
191.3125;-0.375;-1.8125;-0.03;0.01;0.17;0.0001;19.95;190.85;90.01
190.8125;-0.3125;-1.875;-0.03;0;0.17;0.00009;20;190.43;90.37
190.4375;-0.25;-1.8125;-0.02;0;0.17;0.00011;20.05;189.99;90.75
189.9375;-0.1875;-1.8125;-0.01;-0.01;0.18;0.00007;20.09;189.57;90.99
189.4375;-0.1875;-1.75;-0.01;-0.01;0.18;0.00007;20.14;189.15;91.24
188.9375;-0.1875;-1.75;0;-0.01;0.18;0.00006;20.19;188.7;91.49
188.5625;-0.1875;-1.6875;0.01;-0.01;0.18;0.00006;20.24;188.21;91.71
188.0625;-0.1875;-1.625;0.02;-0.02;0.19;0.00003;20.29;187.75;91.82
187.5;-0.25;-1.5625;0.02;-0.01;0.19;0.00002;20.34;187.26;91.91
187;-0.3125;-1.5;0.02;0;0.19;0.00004;20.39;186.78;92.08
186.5;-0.375;-1.5;0.03;0;0.19;0.00004;20.44;186.29;92.23
185.9375;-0.4375;-1.4375;0.02;0.01;0.19;0.00002;20.49;185.8;92.32
185.4375;-0.5;-1.4375;0.02;0.02;0.19;0.00002;20.53;185.33;92.38
184.9375;-0.5625;-1.4375;0.01;0.02;0.19;0.00002;20.58;184.84;92.44
184.375;-0.625;-1.4375;0;0.02;0.19;0.00001;20.63;184.35;92.5
184;-0.625;-1.5;0;0.03;0.19;0;20.68;183.85;92.48
183.4375;-0.6875;-1.5625;-0.01;0.02;0.19;-0.00002;20.73;183.36;92.41
182.875;-0.6875;-1.625;-0.02;0.02;0.2;-0.00003;20.77;182.87;92.28
182.375;-0.625;-1.6875;-0.03;0.01;0.19;-0.00002;20.82;182.37;92.21
181.9375;-0.625;-1.75;-0.03;0.01;0.19;0;20.87;181.85;92.19
181.375;-0.5625;-1.75;-0.03;0;0.19;-0.00005;20.92;181.34;92.01
180.875;-0.5;-1.75;-0.02;0;0.2;-0.00006;20.97;180.82;91.75
180.3125;-0.4375;-1.75;-0.01;-0.01;0.2;-0.00007;21.02;180.27;91.47
179.75;-0.4375;-1.75;-0.01;-0.01;0.19;-0.00006;21.07;179.78;91.24
179.25;-0.4375;-1.75;0.01;-0.01;0.2;-0.00009;21.12;179.28;90.89
178.6875;-0.4375;-1.6875;0.01;-0.01;0.2;-0.00012;21.16;178.79;90.42
178.25;-0.4375;-1.6875;0.02;-0.01;0.19;-0.00011;21.21;178.28;90.05
177.75;-0.5;-1.625;0.02;0;0.2;-0.00013;21.25;177.83;89.57
177.1875;-0.5625;-1.625;0.03;0;0.19;-0.00013;21.3;177.34;89.08
176.75;-0.625;-1.5625;0.03;0;0.19;-0.00014;21.35;176.84;88.59
176.1875;-0.6875;-1.5625;0.02;0.01;0.18;-0.00011;21.4;176.38;88.19
175.6875;-0.8125;-1.5;0.02;0.02;0.18;-0.0001;21.45;175.89;87.81
175.25;-0.8125;-1.5;0.01;0.02;0.18;-0.00013;21.49;175.38;87.3
174.75;-0.875;-1.5;0;0.02;0.19;-0.00018;21.54;174.88;86.62
174.25;-0.875;-1.5625;-0.01;0.02;0.19;-0.0002;21.59;174.38;85.84
173.6875;-0.875;-1.625;-0.02;0.02;0.18;-0.00017;21.64;173.87;85.25
173.1875;-0.8125;-1.625;-0.02;0.02;0.18;-0.00016;21.69;173.44;84.62
172.6875;-0.8125;-1.6875;-0.03;0.01;0.18;-0.0002;21.74;172.96;83.81
172.3125;-0.75;-1.6875;-0.03;0;0.18;-0.00023;21.79;172.46;82.82
171.8125;-0.6875;-1.6875;-0.02;0;0.18;-0.00021;21.83;171.93;82.19
171.3125;-0.625;-1.625;-0.02;0;0.17;-0.0002;21.88;171.57;81.47
170.8125;-0.5625;-1.625;-0.01;-0.01;0.17;-0.0002;21.93;171.13;80.69
170.4375;-0.5;-1.625;-0.01;-0.01;0.17;-0.00022;21.97;170.67;79.88
169.9375;-0.5;-1.5625;0;-0.01;0.16;-0.00021;22.02;170.23;79.11
169.5;-0.5;-1.5;0.01;-0.01;0.16;-0.00022;22.07;169.81;78.29
169.0625;-0.5;-1.4375;0.02;-0.01;0.16;-0.00024;22.11;169.39;77.42
168.6875;-0.5625;-1.375;0.03;-0.01;0.16;-0.00026;22.16;168.98;76.44
168.25;-0.625;-1.375;0.03;-0.01;0.16;-0.00029;22.21;168.57;75.39
167.875;-0.6875;-1.3125;0.03;0;0.16;-0.00028;22.26;168.17;74.36
167.4375;-0.75;-1.3125;0.02;0.01;0.15;-0.00025;22.31;167.78;73.38
167;-0.8125;-1.3125;0.02;0.02;0.14;-0.00023;22.35;167.37;72.57
166.625;-0.875;-1.3125;0.01;0.02;0.14;-0.00026;22.4;167.01;71.57
166.3125;-0.9375;-1.375;0;0.02;0.14;-0.00029;22.45;166.62;70.39
165.9375;-0.9375;-1.4375;-0.01;0.02;0.14;-0.0003;22.5;166.22;69.28
165.5;-0.9375;-1.5;-0.01;0.02;0.14;-0.00031;22.55;165.87;68.06
165.125;-0.9375;-1.5625;-0.02;0.02;0.13;-0.00031;22.6;165.5;66.87
164.75;-0.875;-1.5625;-0.03;0.02;0.13;-0.00031;22.65;165.14;65.65
164.4375;-0.8125;-1.625;-0.03;0.01;0.12;-0.00032;22.7;164.8;64.46
164.0625;-0.75;-1.625;-0.03;0;0.12;-0.00031;22.74;164.48;63.32
163.75;-0.6875;-1.625;-0.02;0;0.12;-0.00033;22.79;164.17;62.07
163.4375;-0.625;-1.625;-0.01;-0.01;0.12;-0.00036;22.84;163.87;60.66
163.125;-0.625;-1.625;0;-0.02;0.12;-0.00037;22.89;163.57;59.22
162.8125;-0.625;-1.625;0.01;-0.02;0.11;-0.00037;22.95;163.28;57.6
162.5;-0.625;-1.5625;0.01;-0.01;0.1;-0.00036;22.99;162.97;56.48
162.1875;-0.625;-1.5625;0.02;-0.01;0.1;-0.00036;23.03;162.75;55.1
161.9375;-0.6875;-1.5;0.03;-0.01;0.09;-0.00037;23.08;162.5;53.69
161.6875;-0.75;-1.5;0.03;0;0.09;-0.00036;23.13;162.26;52.32
161.4375;-0.8125;-1.5;0.03;0.01;0.08;-0.00036;23.18;162.03;50.91
161.1875;-0.9375;-1.5;0.02;0.01;0.08;-0.00036;23.23;161.81;49.5
161;-1;-1.5;0.02;0.01;0.07;-0.00036;23.28;161.59;48.13
160.8125;-1.0625;-1.5;0;0.02;0.07;-0.00035;23.33;161.4;46.81
160.625;-1.0625;-1.5625;-0.01;0.02;0.06;-0.00036;23.38;161.22;45.5
160.4375;-1.0625;-1.625;-0.01;0.02;0.06;-0.00037;23.43;161.06;44.06
160.3125;-1.0625;-1.625;-0.02;0.02;0.05;-0.00036;23.47;160.9;42.81
160.125;-1;-1.6875;-0.03;0.01;0.04;-0.00032;23.52;160.76;41.63
160;-0.9375;-1.75;-0.03;0.01;0.04;-0.00032;23.57;160.64;40.3
159.875;-0.875;-1.75;-0.03;0;0.03;-0.00032;23.61;160.51;39.29
159.8125;-0.8125;-1.75;-0.02;0;0.02;-0.0003;23.66;160.42;38.14
159.75;-0.75;-1.75;-0.02;-0.01;0.02;-0.00031;23.7;160.32;37
159.6875;-0.6875;-1.75;-0.01;-0.01;0.02;-0.00033;23.75;160.24;35.71
159.625;-0.625;-1.6875;0;-0.02;0.02;-0.00033;23.8;160.16;34.41
159.5625;-0.625;-1.625;0.01;-0.02;0.01;-0.00034;23.85;160.1;33.09
159.5625;-0.625;-1.5625;0.02;-0.01;0.01;-0.00034;23.91;160.06;31.72
159.5;-0.625;-1.5;0.02;-0.01;0;-0.00033;23.95;160.02;30.55
159.5;-0.625;-1.4375;0.03;0;-0.01;-0.0003;24;160.01;29.39
159.5;-0.6875;-1.375;0.03;0;-0.02;-0.00028;24.05;160;28.36
159.5625;-0.75;-1.375;0.03;0;-0.02;-0.00029;24.1;160.01;27.27
159.625;-0.8125;-1.375;0.02;0.01;-0.03;-0.00028;24.15;160.03;26.14
159.6875;-0.875;-1.375;0.01;0.01;-0.03;-0.00029;24.2;160.06;25.05
159.75;-0.875;-1.375;0;0.02;-0.04;-0.00027;24.25;160.11;24
159.8125;-0.875;-1.375;-0.01;0.02;-0.04;-0.00029;24.3;160.17;22.72
159.9375;-0.875;-1.4375;-0.02;0.02;-0.04;-0.00031;24.34;160.25;21.72
160.0625;-0.8125;-1.4375;-0.03;0.01;-0.04;-0.0003;24.39;160.32;20.61
160.125;-0.6875;-1.5;-0.03;0.01;-0.05;-0.00031;24.44;160.42;19.45
160.25;-0.625;-1.5;-0.03;0;-0.06;-0.00027;24.49;160.53;18.43
160.375;-0.5625;-1.5;-0.03;0;-0.06;-0.00025;24.54;160.65;17.38
160.5625;-0.4375;-1.5;-0.02;-0.01;-0.06;-0.0003;24.59;160.8;16.29
160.75;-0.375;-1.5;-0.01;-0.01;-0.06;-0.0003;24.64;160.94;15.13
160.9375;-0.3125;-1.4375;0;-0.02;-0.07;-0.00028;24.68;161.1;14.07
161.125;-0.3125;-1.375;0.01;-0.02;-0.08;-0.00025;24.74;161.27;13.09
161.3125;-0.3125;-1.3125;0.02;-0.02;-0.08;-0.00027;24.78;161.47;12.21
161.5;-0.3125;-1.3125;0.02;-0.01;-0.08;-0.00026;24.82;161.64;11.24
161.75;-0.375;-1.25;0.03;-0.01;-0.08;-0.00032;24.87;161.84;10.06
161.9375;-0.4375;-1.25;0.03;-0.01;-0.08;-0.00033;24.92;162.05;8.85
162.125;-0.5;-1.1875;0.02;0;-0.08;-0.00035;24.97;162.27;7.48
162.375;-0.5625;-1.1875;0.02;0.01;-0.08;-0.00036;25.01;162.51;6.19
162.5625;-0.625;-1.1875;0.01;0.02;-0.09;-0.00032;25.06;162.75;4.97
162.8125;-0.625;-1.25;0;0.02;-0.07;-0.00044;25.11;163.01;3.17
163;-0.625;-1.25;-0.01;0.02;-0.07;-0.00048;25.16;163.31;1.46
163.1875;-0.625;-1.3125;-0.02;0.02;-0.07;-0.00047;25.21;163.58;-0.34
163.375;-0.5625;-1.375;-0.02;0.02;-0.08;-0.00045;25.26;163.88;-2.04
163.5625;-0.5;-1.4375;-0.02;0.01;-0.08;-0.00044;25.3;164.18;-3.67
163.8125;-0.4375;-1.5;-0.02;0.01;-0.09;-0.00042;25.35;164.48;-5.25
164;-0.375;-1.5;-0.02;0;-0.07;-0.00052;25.4;164.81;-7.28
164.1875;-0.3125;-1.5;-0.02;-0.01;-0.07;-0.00055;25.45;165.15;-9.42
164.4375;-0.25;-1.5;-0.01;-0.02;-0.07;-0.00057;25.5;165.51;-11.53
164.625;-0.1875;-1.5;0;-0.02;-0.08;-0.00056;25.54;165.85;-13.53
164.8125;-0.1875;-1.4375;0.01;-0.02;-0.08;-0.00054;25.59;166.19;-15.59
165;-0.1875;-1.4375;0.01;-0.02;-0.1;-0.00048;25.64;166.57;-17.44
165.25;-0.1875;-1.375;0.02;-0.02;-0.13;-0.00034;25.69;166.96;-18.74
165.5;-0.25;-1.3125;0.02;-0.01;-0.19;-0.00002;25.74;167.35;-18.8
166;-0.25;-1.25;0.02;-0.01;-0.25;0.00025;25.79;167.74;-17.88
166.625;-0.3125;-1.25;0.02;0;-0.27;0.00036;25.83;168.13;-16.55
167.1875;-0.375;-1.25;0.01;0.01;-0.26;0.00033;25.88;168.54;-15.35
167.9375;-0.375;-1.25;0.01;0.01;-0.24;0.00025;25.93;168.94;-14.43
168.625;-0.375;-1.3125;0;0.02;-0.23;0.00017;25.97;169.34;-13.81
169.125;-0.375;-1.3125;-0.01;0.01;-0.21;0.00011;26.02;169.76;-13.41
169.75;-0.375;-1.375;-0.01;0.01;-0.21;0.00006;26.07;170.19;-13.19
170.3125;-0.3125;-1.4375;-0.02;0.01;-0.24;0.00021;26.12;170.62;-12.37
170.9375;-0.25;-1.4375;-0.03;0.01;-0.25;0.00027;26.17;171.08;-11.31
171.625;-0.1875;-1.5;-0.03;0;-0.24;0.00022;26.22;171.55;-10.45
172.1875;-0.125;-1.5;-0.03;0;-0.23;0.00019;26.26;172.02;-9.71
172.8125;0;-1.5;-0.02;-0.01;-0.22;0.00017;26.31;172.49;-9.07
173.4375;0;-1.4375;-0.02;-0.01;-0.21;0.00012;26.36;172.97;-8.6
174;0.0625;-1.4375;-0.01;-0.02;-0.22;0.00014;26.41;173.45;-8.07
174.625;0.125;-1.375;0;-0.02;-0.22;0.00018;26.46;173.94;-7.42
175.25;0.125;-1.3125;0.01;-0.02;-0.23;0.00024;26.51;174.4;-6.49
175.75;0.125;-1.25;0.02;-0.02;-0.23;0.00025;26.56;174.9;-5.53
176.375;0.125;-1.25;0.02;-0.01;-0.23;0.00024;26.61;175.41;-4.6
177;0.125;-1.1875;0.02;-0.01;-0.22;0.0002;26.66;175.92;-3.81
177.625;0.0625;-1.1875;0.02;0;-0.22;0.00019;26.71;176.43;-3.04
178.25;0;-1.1875;0.02;0;-0.21;0.00018;26.76;176.96;-2.34
178.875;0;-1.1875;0.01;0.01;-0.22;0.00022;26.81;177.46;-1.5
179.5;0;-1.1875;0;0.01;-0.23;0.00026;26.86;177.98;-0.51
180.125;0;-1.1875;-0.01;0.02;-0.23;0.00029;26.9;178.49;0.54
180.75;0;-1.25;-0.01;0.01;-0.22;0.00027;26.95;178.98;1.54
181.375;0;-1.25;-0.02;0.01;-0.22;0.00024;27;179.48;2.51
181.875;0;-1.3125;-0.03;0.01;-0.22;0.00029;27.05;180.02;3.63
182.4375;0.125;-1.3125;-0.03;0;-0.23;0.00032;27.1;180.53;4.82
183.0625;0.1875;-1.3125;-0.03;0;-0.23;0.00034;27.15;181.04;6.1
183.75;0.3125;-1.3125;-0.03;-0.01;-0.22;0.00033;27.2;181.55;7.36
184.3125;0.375;-1.3125;-0.02;-0.01;-0.22;0.00034;27.24;182.06;8.63
184.9375;0.5;-1.25;-0.01;-0.02;-0.23;0.00037;27.29;182.55;9.98
185.4375;0.5;-1.25;-0.01;-0.02;-0.21;0.00029;27.34;183.03;11.11
186.0625;0.5625;-1.1875;0;-0.02;-0.14;-0.00003;27.38;183.55;11.01
186.5625;0.5625;-1.125;0.01;-0.02;-0.09;-0.00028;27.43;184;9.97
186.8125;0.5625;-1.0625;0.02;-0.02;-0.05;-0.00049;27.48;184.49;8.06
187;0.5;-1.0625;0.03;-0.01;-0.03;-0.00056;27.53;184.99;6
187.0625;0.4375;-1;0.03;0;-0.05;-0.00049;27.57;185.46;4.24
187.1875;0.375;-1;0.03;0.01;-0.07;-0.00038;27.62;185.92;2.74
187.375;0.3125;-1;0.02;0.02;-0.09;-0.00026;27.67;186.42;1.74
187.5625;0.25;-1;0.01;0.02;-0.1;-0.00018;27.72;186.91;1.08
187.8125;0.1875;-1.0625;0.01;0.03;-0.07;-0.00033;27.77;187.36;-0.13
188.0625;0.1875;-1.125;0;0.02;-0.06;-0.0004;27.81;187.82;-1.62
188.25;0.1875;-1.1875;-0.01;0.02;-0.06;-0.00036;27.86;188.28;-3
188.375;0.1875;-1.25;-0.02;0.01;-0.08;-0.0003;27.91;188.74;-4.12
188.5625;0.25;-1.3125;-0.03;0.01;-0.09;-0.00022;27.96;189.2;-4.99
188.8125;0.375;-1.3125;-0.03;-0.01;-0.1;-0.00016;28.01;189.65;-5.62
189.0625;0.4375;-1.3125;-0.03;-0.01;-0.08;-0.00024;28.06;190.1;-6.45
189.3125;0.5625;-1.3125;-0.03;-0.02;-0.08;-0.00023;28.2;190.5;-9
189.5625;0.625;-1.25;-0.02;-0.02;-0.08;-0.00015;28.2;190.5;-9.03
189.75;0.6875;-1.1875;-0.01;-0.02;-0.09;-0.00016;28.21;191.74;-9.12
189.9375;0.75;-1.125;-0.01;-0.02;-0.11;-0.00002;28.25;191.8;-9.18
190.25;0.75;-1.0625;0.01;-0.01;-0.17;0.00028;28.3;192.19;-8.16
190.625;0.75;-1;0.02;-0.01;-0.22;0.00057;28.35;192.57;-5.98
191.0625;0.75;-1;0.03;0.01;-0.26;0.00084;28.56;192.96;8.05
191.0625;0.75;-1;0.03;0.02;-0.25;0.00089;28.56;192.96;8.14
193.75;0.5;-1;0.02;0.01;-0.22;0.00073;28.58;194.59;9.22
194.4375;0.5;-1.0625;0.01;0.01;-0.21;0.0007;28.63;194.72;11.77
194.875;0.4375;-1.0625;0;0.01;-0.23;0.00082;28.68;195.05;14.99
195.5;0.4375;-1.0625;-0.01;0;-0.25;0.00096;28.73;195.39;18.74
196.1875;0.4375;-1.0625;-0.03;-0.01;-0.25;0.00102;28.92;195.72;34.12
196.1875;0.4375;-1.0625;-0.03;-0.01;-0.23;0.00103;28.92;195.72;34.25
197.5625;0.5625;-1.0625;-0.03;-0.02;-0.22;0.00101;28.92;195.72;34.37
198.8125;0.75;-1;-0.03;-0.02;-0.22;0.00098;28.97;196.9;37.9
199.4375;0.875;-0.9375;-0.03;-0.02;-0.16;0.00074;29.02;197.16;40.83
199.875;0.9375;-0.875;-0.02;-0.02;-0.11;0.00053;29.07;197.42;42.8
200.25;1;-0.8125;-0.01;-0.02;-0.06;0.0003;29.12;197.66;43.95
200.4375;1;-0.75;0.01;0;-0.06;0.0003;29.28;197.9;47.76
200.4375;1;-0.75;0.02;0.01;-0.08;0.00047;29.28;197.9;47.81
200.875;1;-0.75;0.03;0.01;-0.1;0.00056;29.31;198.6;49.06
201.125;0.9375;-0.75;0.03;0.02;-0.1;0.00063;29.36;198.71;51.45
201.4375;0.875;-0.8125;0.03;0.02;-0.06;0.00044;29.41;198.88;53.21
201.625;0.75;-0.8125;0.02;0.02;-0.03;0.00031;29.45;199.05;54.27
201.75;0.6875;-0.875;0.01;0.01;0;0.00017;29.64;199.19;56.81
201.75;0.6875;-0.875;-0.01;0;0;0.00026;29.64;199.19;56.85
201.8125;0.625;-0.9375;-0.02;0;-0.01;0.00028;29.65;199.65;57.01
201.8125;0.6875;-0.9375;-0.03;0;-0.01;0.00031;29.69;199.66;58.1
201.8125;0.75;-0.9375;-0.03;-0.01;-0.01;0.00033;29.74;199.75;59.31
201.8125;0.8125;-0.9375;-0.03;-0.01;0;0.00032;29.79;199.82;60.47
201.8125;0.875;-0.9375;-0.03;-0.01;0.01;0.00025;29.84;199.88;61.42
201.8125;0.9375;-0.9375;-0.02;-0.01;0.03;0.00017;30.03;199.93;63.95
201.6875;1.0625;-0.875;-0.01;0;0.04;0.00024;30.03;199.93;64
201.5625;1.125;-0.875;0.01;0;0.04;0.00024;30.04;200;64.07
201.4375;1.125;-0.875;0.02;0.01;0.04;0.00022;30.08;200;64.87
201.375;1.0625;-0.875;0.02;0.01;0.04;0.00024;30.13;199.98;65.8
201.25;1.0625;-0.875;0.03;0.01;0.04;0.00024;30.18;199.95;66.72
201.125;0.9375;-0.9375;0.02;0.01;0.05;0.0002;30.4;199.91;70.13
200.6875;0.6875;-1;0.01;0.01;0.06;0.00027;30.4;199.91;70.18
200.5625;0.625;-1.0625;0;0.01;0.06;0.00029;30.42;199.56;70.7
200.4375;0.625;-1.0625;0;0;0.06;0.00028;30.47;199.51;71.77
200.25;0.625;-1.0625;-0.02;0;0.07;0.00026;30.52;199.39;72.77
200.0625;0.625;-1.0625;-0.02;0;0.07;0.00026;30.57;199.26;73.72
199.875;0.6875;-1.0625;-0.03;-0.01;0.08;0.00022;30.76;199.12;76.91
199.5;0.875;-1.0625;-0.03;-0.01;0.08;0.00028;30.76;199.12;76.95
199.25;0.9375;-1.0625;-0.03;-0.01;0.08;0.0003;30.77;198.45;77.13
199.0625;1;-1.0625;-0.02;0;0.07;0.00033;30.81;198.42;78.32
198.8125;1.0625;-1.125;-0.01;0;0.07;0.00034;30.86;198.22;79.59
198.625;1.0625;-1.125;0.01;0;0.08;0.00032;30.91;198.01;80.79
198.4375;1.0625;-1.125;0.01;0.01;0.09;0.00032;30.95;197.79;81.91
198.25;1.0625;-1.125;0.03;0.01;0.1;0.00026;31.12;197.57;85.44
197.75;0.9375;-1.125;0.03;0.01;0.1;0.0003;31.12;197.57;85.48
197.5;0.8125;-1.125;0.03;0.01;0.1;0.00033;31.14;196.63;85.88
197.1875;0.75;-1.1875;0.03;0.01;0.1;0.00031;31.19;196.54;87.07
196.9375;0.625;-1.1875;0.02;0.01;0.11;0.00027;31.24;196.25;88.13
196.6875;0.5625;-1.1875;0.01;0.01;0.11;0.00028;31.29;195.94;89.2
196.375;0.5625;-1.25;-0.01;0;0.13;0.00021;31.47;195.62;92.26
195.6875;0.5625;-1.25;-0.02;0;0.13;0.00021;31.47;195.62;92.3
195.3125;0.5625;-1.25;-0.03;0;0.13;0.00026;31.49;194.33;92.56
194.9375;0.6875;-1.25;-0.03;0;0.13;0.00026;31.53;194.24;93.53
194.5625;0.75;-1.25;-0.03;0;0.13;0.00028;31.58;193.88;94.54
194.25;0.8125;-1.25;-0.03;0;0.14;0.00025;31.63;193.52;95.55
193.875;0.875;-1.25;-0.01;0.01;0.15;0.00019;31.81;193.12;98.23
193.1875;1;-1.25;0;0.01;0.16;0.00015;31.82;193.12;98.26
192.75;1;-1.25;0.01;0.01;0.16;0.00016;31.83;191.61;98.38
192.3125;0.9375;-1.3125;0.03;0.01;0.17;0.00012;31.87;191.53;98.84
191.8125;0.875;-1.3125;0.03;0.01;0.17;0.00014;31.92;191.12;99.34
191.375;0.8125;-1.3125;0.03;0.01;0.17;0.00014;31.97;190.7;99.89
191;0.6875;-1.3125;0.03;0;0.17;0.00009;32.16;190.26;101.2
190.0625;0.5;-1.3125;0.02;0;0.18;0.00005;32.16;190.26;101.21
189.5625;0.4375;-1.3125;0.01;0;0.18;0.00005;32.16;190.26;101.21
189.1875;0.375;-1.3125;0;0;0.18;0.00009;32.21;188.48;101.51
188.6875;0.375;-1.3125;-0.01;0;0.18;0.00008;32.26;188.05;101.8
188.1875;0.375;-1.3125;-0.02;0.01;0.19;0.00006;32.3;187.6;102.02
187.75;0.4375;-1.3125;-0.03;0;0.19;0.00005;32.35;187.14;102.19
187.25;0.5;-1.3125;-0.03;0.01;0.2;-0.00002;32.51;186.69;102
187.25;0.5;-1.3125;-0.03;0.01;0.2;-0.00004;32.51;186.69;101.99
185.75;0.6875;-1.375;-0.02;0.01;0.19;0.00003;32.55;185.05;102.07
185.1875;0.75;-1.4375;-0.01;0.01;0.19;0.00001;32.59;184.66;102.09
184.6875;0.8125;-1.4375;0;0.01;0.2;-0.00003;32.64;184.24;101.99
184.125;0.75;-1.5;0.01;0;0.2;-0.00005;32.69;183.76;101.8
183.5625;0.75;-1.5;0.03;0.01;0.2;-0.00008;32.86;183.28;100.65
182.5625;0.625;-1.5;0.04;0;0.21;-0.00013;32.86;183.28;100.64
182;0.5;-1.5;0.03;0;0.2;-0.00005;32.88;181.47;100.55
181.4375;0.375;-1.5;0.03;0;0.2;-0.00005;32.93;181.24;100.37
180.875;0.3125;-1.5;0.03;0;0.2;-0.00008;32.98;180.77;100.05
180.4375;0.25;-1.5;0.02;0;0.2;-0.0001;33.02;180.24;99.69
179.875;0.1875;-1.5625;0;0.01;0.19;-0.00007;33.21;179.74;98.74
178.8125;0.0625;-1.5;-0.01;0.01;0.19;-0.00013;33.21;179.74;98.72
178.25;0.0625;-1.5;-0.02;0.01;0.19;-0.00008;33.22;177.81;98.67
177.8125;0.0625;-1.5;-0.03;0.01;0.18;-0.00005;33.26;177.73;98.49
177.3125;0.125;-1.5625;-0.03;0.02;0.18;-0.00004;33.31;177.26;98.35
176.8125;0.125;-1.5625;-0.03;0.01;0.18;-0.00006;33.36;176.78;98.15
176.4375;0.1875;-1.625;-0.03;0.02;0.18;-0.00008;33.4;176.29;97.86
175.9375;0.25;-1.625;-0.01;0.01;0.17;-0.00007;33.55;175.82;96.99
174.9375;0.25;-1.625;0;0;0.18;-0.00015;33.55;175.82;96.97
174.5625;0.25;-1.625;0;0;0.17;-0.00009;33.6;174.28;96.63
174.0625;0.25;-1.625;0.01;0;0.17;-0.00009;33.65;173.83;96.26
173.5625;0.1875;-1.5625;0.02;-0.01;0.17;-0.0001;33.7;173.33;95.86
173.125;0.125;-1.5625;0.03;-0.01;0.17;-0.00013;33.75;172.84;95.37
172.625;0.0625;-1.5625;0.02;-0.02;0.17;-0.00014;33.9;172.36;93.76
172.1875;0;-1.5;0.02;-0.01;0.16;-0.00019;33.9;172.36;93.73
171.6875;-0.0625;-1.4375;0.02;0;0.17;-0.00016;33.91;170.9;93.68
171.25;-0.125;-1.4375;0.01;0;0.17;-0.00018;33.94;170.86;93.15
170.8125;-0.1875;-1.4375;0;0;0.16;-0.00017;33.99;170.51;92.53
170.3125;-0.1875;-1.375;0;0.01;0.16;-0.00017;34.04;170.08;91.87
170;-0.1875;-1.375;-0.01;0.02;0.16;-0.0002;34.09;169.63;91.11
169.5625;-0.25;-1.375;-0.02;0.02;0.16;-0.00023;34.24;169.2;88.33
169.5625;-0.25;-1.375;-0.02;0.02;0.15;-0.00025;34.25;167.88;88.29
168.25;-0.125;-1.5;-0.02;0.02;0.16;-0.00028;34.28;167.86;87.45
167.875;-0.0625;-1.5625;-0.02;0.01;0.16;-0.0003;34.33;167.55;86.32
167.4375;-0.0625;-1.625;-0.01;0.01;0.15;-0.00028;34.38;167.16;85.21
167;0;-1.625;0;0;0.14;-0.00026;34.44;166.76;84.09
166.625;0;-1.625;0.01;-0.01;0.14;-0.00028;34.59;166.34;80.81
166.625;0;-1.625;0.02;-0.01;0.13;-0.00033;34.59;166.34;80.78
165.5;-0.0625;-1.625;0.02;-0.01;0.13;-0.0003;34.62;165.21;80.15
165.1875;-0.125;-1.5625;0.02;-0.02;0.14;-0.00036;34.66;165.03;78.85
164.875;-0.1875;-1.5625;0.02;-0.01;0.14;-0.00037;34.71;164.71;77.5
164.5;-0.25;-1.5;0.02;-0.01;0.13;-0.00034;34.76;164.4;76.01
164.125;-0.3125;-1.5;0.01;0;0.1;-0.00027;34.94;164.04;72.39
163.5625;-0.375;-1.4375;0;0.01;0.1;-0.00034;34.94;164.04;72.35
163.25;-0.375;-1.4375;-0.01;0.01;0.11;-0.00035;34.95;163.02;71.88
163;-0.375;-1.5;-0.01;0.02;0.1;-0.00035;35.01;162.92;70.45
162.6875;-0.375;-1.5;-0.02;0.02;0.1;-0.00035;35.05;162.65;69.22
162.4375;-0.3125;-1.5625;-0.02;0.02;0.09;-0.00034;35.1;162.42;67.96
162.125;-0.3125;-1.625;-0.02;0.02;0.09;-0.00034;35.28;162.19;63.13
162.125;-0.3125;-1.625;-0.01;0.01;0.08;-0.0004;35.28;162.19;63.07
161.5;-0.1875;-1.8125;-0.01;0;0.07;-0.00035;35.29;161.4;62.73
161.25;-0.1875;-1.8125;0;0;0.07;-0.00038;35.34;161.35;61.3
161.0625;-0.1875;-1.8125;0;-0.01;0.07;-0.0004;35.39;161.18;59.83
160.875;-0.1875;-1.8125;0.01;-0.02;0.07;-0.00039;35.44;161.02;58.33
160.625;-0.1875;-1.8125;0.02;-0.02;0.05;-0.00034;35.62;160.86;53.36
160.375;-0.25;-1.6875;0.01;-0.02;0.05;-0.00042;35.63;160.86;53.31
160.25;-0.3125;-1.625;0.01;-0.01;0.05;-0.00041;35.64;160.38;52.94
160.0625;-0.375;-1.625;0.01;-0.01;0.05;-0.00042;35.69;160.36;51.34
159.9375;-0.4375;-1.5625;0.01;0;0.04;-0.00041;35.73;160.27;49.8
159.875;-0.4375;-1.5625;0;0.01;0.03;-0.00038;35.78;160.19;48.42
159.75;-0.4375;-1.5625;-0.01;0.02;0.02;-0.00034;35.97;160.13;43.34
159.75;-0.4375;-1.5625;-0.01;0.02;0.01;-0.00042;35.97;160.13;43.3
159.625;-0.375;-1.6875;-0.02;0.02;0.01;-0.00042;35.97;160;43.12
159.5625;-0.375;-1.75;-0.02;0.02;0.01;-0.00042;36.02;160;41.59
159.5625;-0.3125;-1.8125;-0.02;0.02;0;-0.00039;36.08;160;39.92
159.5;-0.3125;-1.875;-0.01;0.01;-0.01;-0.00038;36.12;160.02;38.74
159.5;-0.25;-1.9375;-0.01;0;-0.02;-0.00033;36.16;160.04;37.53
159.5625;-0.1875;-1.9375;0;-0.01;-0.03;-0.00028;36.31;160.07;34.21
159.5625;-0.1875;-1.9375;0;-0.02;-0.03;-0.00034;36.31;160.07;34.18
159.8125;-0.1875;-1.875;0.01;-0.02;-0.03;-0.00036;36.36;160.27;32.82
159.875;-0.1875;-1.875;0.01;-0.02;-0.04;-0.00035;36.41;160.35;31.38
159.9375;-0.1875;-1.8125;0.01;-0.02;-0.05;-0.00031;36.46;160.46;30.26
160.0625;-0.25;-1.75;0.02;-0.02;-0.06;-0.00028;36.51;160.57;29.15
160.25;-0.3125;-1.6875;0.01;-0.01;-0.07;-0.00024;36.66;160.71;26.44
160.25;-0.3125;-1.6875;0;0;-0.07;-0.00028;36.66;160.71;26.41
160.8125;-0.3125;-1.625;0;0.01;-0.07;-0.0003;36.7;161.17;25.38
160.9375;-0.3125;-1.5625;-0.01;0.02;-0.07;-0.00031;36.75;161.33;24.17
161.125;-0.3125;-1.5625;-0.01;0.02;-0.08;-0.0003;36.8;161.52;23.1
161.375;-0.3125;-1.625;-0.02;0.03;-0.08;-0.00029;36.85;161.71;21.95
161.5625;-0.25;-1.6875;-0.02;0.02;-0.1;-0.00021;37.01;161.93;19.26
161.5625;-0.25;-1.6875;-0.01;0.02;-0.11;-0.00023;37.02;162.75;19.24
162.3125;-0.125;-1.75;-0.01;0;-0.11;-0.00024;37.03;162.76;18.87
162.625;-0.0625;-1.75;-0.01;0;-0.1;-0.00025;37.08;162.86;17.89
162.875;-0.0625;-1.75;0;-0.01;-0.11;-0.00023;37.13;163.14;17.1
163.1875;-0.0625;-1.6875;0;-0.02;-0.11;-0.00024;37.18;163.39;16.19
163.5;-0.0625;-1.6875;0.01;-0.02;-0.13;-0.00015;37.38;163.67;13.85
164.4375;0;-1.4375;0.01;-0.02;-0.13;-0.00018;37.38;163.67;13.82
164.75;-0.0625;-1.375;0.01;-0.02;-0.12;-0.00025;37.42;165;13.11
165.0625;-0.0625;-1.3125;0.01;-0.01;-0.12;-0.00028;37.46;165.25;12.12
165.4375;-0.0625;-1.25;0.01;0;-0.13;-0.00024;37.51;165.58;11.22
165.75;-0.0625;-1.25;0;0.01;-0.13;-0.00025;37.56;165.93;10.29
166.125;-0.0625;-1.25;0;0.02;-0.13;-0.00026;37.7;166.29;7.32
166.4375;-0.0625;-1.25;-0.01;0.02;-0.12;-0.0003;37.7;166.29;7.26
166.75;-0.0625;-1.3125;-0.01;0.03;-0.13;-0.00024;37.7;166.29;7.22
167.125;-0.0625;-1.375;-0.01;0.02;-0.13;-0.00026;37.75;167.45;6.3
167.5;0;-1.4375;-0.01;0.02;-0.13;-0.0003;37.8;167.82;5.17
167.8125;0;-1.5;-0.01;0.01;-0.13;-0.00032;37.85;168.22;3.9
168.125;0;-1.5625;-0.01;0.01;-0.13;-0.0003;37.9;168.65;2.73
168.5;0.0625;-1.5625;-0.01;-0.01;-0.13;-0.00032;37.95;169.08;1.47
168.8125;0.0625;-1.5625;-0.01;-0.01;-0.13;-0.00031;38;169.52;0.23
169.1875;0.0625;-1.5625;0;-0.02;-0.13;-0.00034;38.05;169.98;-1.12
169.5625;0.125;-1.5;0;-0.03;-0.13;-0.00034;38.1;170.44;-2.42
169.9375;0.125;-1.4375;0;-0.03;-0.13;-0.00037;38.15;170.89;-3.89
170.25;0.125;-1.3125;0;-0.03;-0.13;-0.00037;38.2;171.37;-5.44
170.625;0.125;-1.25;0.01;-0.02;-0.13;-0.00035;38.24;171.88;-6.65
171;0.125;-1.1875;0.01;-0.01;-0.13;-0.00037;38.29;172.3;-8.02
171.3125;0.125;-1.125;0.01;0;-0.13;-0.00039;38.34;172.75;-9.47
171.625;0.125;-1.125;0.01;0.01;-0.13;-0.00036;38.39;173.22;-10.8
171.9375;0.125;-1.125;0;0.02;-0.13;-0.00038;38.43;173.68;-12.16
172.3125;0.1875;-1.1875;0;0.03;-0.14;-0.00035;38.48;174.14;-13.45
172.625;0.1875;-1.25;0;0.03;-0.15;-0.00026;38.53;174.61;-14.53
173.0625;0.1875;-1.3125;-0.01;0.03;-0.23;0.0001;38.57;175.15;-14.22
173.5625;0.1875;-1.375;-0.01;0.03;-0.28;0.00038;38.62;175.56;-12.73
174.3125;0.1875;-1.5;-0.01;0.02;-0.31;0.00056;38.67;176.07;-10.6
175;0.25;-1.5625;-0.01;0.01;-0.31;0.00055;38.72;176.57;-8.47
175.8125;0.3125;-1.5625;-0.01;0;-0.29;0.0005;38.77;177.09;-6.55
176.6875;0.375;-1.5625;-0.01;-0.02;-0.28;0.00043;38.82;177.6;-4.89
177.4375;0.4375;-1.5625;-0.01;-0.03;-0.26;0.00034;38.87;178.11;-3.62
178.1875;0.4375;-1.5;0;-0.04;-0.27;0.00041;38.91;178.61;-2.09
178.9375;0.5;-1.375;0;-0.04;-0.28;0.00049;38.96;179.1;-0.25
179.5;0.5;-1.25;0;-0.05;-0.29;0.00054;39.01;179.6;1.82
180.3125;0.5;-1.125;0.01;-0.04;-0.28;0.00053;39.06;180.11;3.86
181.125;0.5;-1;0.01;-0.03;-0.27;0.00049;39.11;180.63;5.7
181.875;0.5;-0.9375;0.01;-0.01;-0.27;0.00049;39.15;181.12;7.53
182.625;0.5;-0.875;0.01;0;-0.27;0.0005;39.2;181.62;9.39
183.3125;0.4375;-0.8125;0.01;0.01;-0.26;0.00049;39.26;182.12;11.46
183.9375;0.4375;-0.8125;0.01;0.03;-0.27;0.00056;39.3;182.68;13.36
184.625;0.4375;-0.875;0;0.03;-0.28;0.00066;39.35;183.13;16.14
185.4375;0.5;-0.9375;-0.01;0.04;-0.29;0.00069;39.39;183.68;18.24
186.0625;0.5;-1.0625;-0.01;0.04;-0.27;0.00062;39.44;184.09;20.48
186.8125;0.5;-1.125;-0.02;0.04;-0.23;0.00046;39.49;184.56;22.16
187.5;0.5625;-1.25;-0.02;0.03;-0.17;0.00015;39.53;185.03;22.72
187.9375;0.625;-1.3125;-0.02;0.01;-0.12;-0.00009;39.58;185.5;22.4
188.375;0.6875;-1.375;-0.02;0;-0.09;-0.00024;39.63;185.97;21.51
188.625;0.75;-1.375;-0.02;-0.02;-0.09;-0.00021;39.68;186.45;20.66
188.875;0.8125;-1.3125;-0.01;-0.03;-0.11;-0.00011;39.73;186.94;20.23
189.0625;0.875;-1.25;0;-0.03;-0.13;0;39.78;187.42;20.24
189.4375;0.875;-1.1875;0;-0.04;-0.15;0.00011;39.83;187.9;20.67
189.8125;0.875;-1.0625;0.01;-0.04;-0.14;0.0001;39.88;188.38;21.05
190.1875;0.875;-0.9375;0.02;-0.03;-0.11;-0.00003;39.93;188.85;20.94
190.5625;0.875;-0.8125;0.02;-0.02;-0.11;-0.00006;39.98;189.32;20.7
190.875;0.8125;-0.75;0.02;-0.02;-0.12;0;40.03;189.78;20.72
191.1875;0.75;-0.6875;0.02;0;-0.13;0.00007;40.07;190.25;20.99
191.5;0.6875;-0.6875;0.01;0.02;-0.14;0.00017;40.12;190.67;21.65
191.875;0.6875;-0.6875;0.01;0.03;-0.13;0.00014;40.17;191.1;22.19
192.25;0.6875;-0.75;0;0.04;-0.12;0.00012;40.22;191.51;22.61
192.625;0.6875;-0.875;-0.01;0.04;-0.12;0.00013;40.28;191.91;23.22
192.9375;0.6875;-0.9375;-0.02;0.04;-0.12;0.00015;40.32;192.39;23.69
193.25;0.6875;-1.0625;-0.02;0.04;-0.14;0.00024;40.36;192.71;24.59
193.625;0.75;-1.125;-0.02;0.03;-0.13;0.00024;40.41;193.1;25.53
194;0.875;-1.1875;-0.03;0.01;-0.14;0.00029;40.46;193.48;26.58
194.375;0.9375;-1.25;-0.02;0;-0.14;0.0003;40.51;193.84;27.74
194.6875;0.9375;-1.25;-0.02;-0.02;-0.13;0.00029;40.56;194.21;28.84
195.0625;1;-1.25;-0.01;-0.03;-0.13;0.00031;40.61;194.56;30.06
195.4375;1;-1.125;0;-0.04;-0.13;0.00035;40.66;194.92;31.45
195.75;0.9375;-1.0625;0.01;-0.04;-0.13;0.00038;40.71;195.27;32.84
196.125;0.9375;-0.9375;0.02;-0.04;-0.13;0.0004;40.75;195.58;34.31
196.5;0.875;-0.8125;0.02;-0.04;-0.13;0.00039;40.8;195.88;35.8
196.8125;0.8125;-0.6875;0.02;-0.03;-0.12;0.0004;40.85;196.19;37.16
197.125;0.6875;-0.5625;0.02;-0.02;-0.13;0.00045;40.9;196.46;38.99
197.5;0.625;-0.5;0.02;-0.01;-0.12;0.00043;40.94;196.76;40.51
197.75;0.5625;-0.5;0.01;0.01;-0.13;0.00049;40.99;197.01;42.18
198.125;0.5;-0.5;0;0.02;-0.12;0.00049;41.03;197.25;43.99
198.4375;0.4375;-0.5;-0.01;0.03;-0.11;0.00045;41.08;197.49;45.72
198.6875;0.4375;-0.5625;-0.02;0.04;-0.1;0.00044;41.13;197.73;47.39
199;0.4375;-0.6875;-0.02;0.04;-0.09;0.00043;41.18;197.96;49.03
199.25;0.4375;-0.8125;-0.03;0.04;-0.09;0.00041;41.23;198.18;50.61
199.5;0.5;-0.875;-0.03;0.03;-0.08;0.00043;41.28;198.39;52.19
199.75;0.5625;-1;-0.03;0.02;-0.08;0.00043;41.32;198.58;53.81
199.9375;0.625;-1.0625;-0.02;0.01;-0.07;0.00042;41.37;198.76;55.45
200.125;0.6875;-1.0625;-0.01;-0.01;-0.07;0.00043;41.42;198.93;57.06
200.3125;0.6875;-1.0625;-0.01;-0.03;-0.06;0.00042;41.47;199.09;58.67
200.5;0.6875;-1.0625;0;-0.03;-0.05;0.00038;41.52;199.24;60.11
200.625;0.6875;-0.9375;0.01;-0.04;-0.04;0.00036;41.57;199.37;61.41
200.75;0.6875;-0.875;0.02;-0.05;-0.03;0.00034;41.61;199.49;62.7
200.875;0.625;-0.75;0.02;-0.04;-0.03;0.00036;41.66;199.59;64.11
200.9375;0.625;-0.625;0.02;-0.03;-0.03;0.00037;41.71;199.69;65.54
201;0.5625;-0.5625;0.02;-0.02;-0.02;0.00037;41.76;199.78;67.03
201.0625;0.5;-0.4375;0.02;0;-0.01;0.00036;41.81;199.85;68.39
201.125;0.4375;-0.4375;0.02;0.01;-0.01;0.00035;41.86;199.91;69.78
201.125;0.375;-0.4375;0.01;0.02;0;0.00033;41.91;199.95;71.02
201.125;0.375;-0.5;0;0.04;0.01;0.00033;41.96;199.98;72.27
201.125;0.375;-0.625;-0.01;0.04;0.01;0.00033;42.02;200;73.64
201.125;0.375;-0.6875;-0.02;0.05;0.01;0.00035;42.06;200;74.72
201.125;0.375;-0.8125;-0.02;0.04;0.02;0.00033;42.1;199.99;75.92
201.0625;0.4375;-0.9375;-0.03;0.03;0.02;0.00033;42.15;199.97;77.13
201.0625;0.5;-1.0625;-0.03;0.02;0.02;0.00034;42.19;199.94;78.39
201;0.5625;-1.125;-0.02;0.01;0.03;0.00031;42.24;199.9;79.51
200.875;0.625;-1.125;-0.02;-0.01;0.04;0.00028;42.29;199.84;80.56
200.8125;0.6875;-1.1875;-0.01;-0.02;0.05;0.00026;42.34;199.77;81.69
200.625;0.75;-1.125;-0.01;-0.03;0.05;0.00029;42.39;199.68;82.66
200.5;0.75;-1.0625;0;-0.04;0.05;0.0003;42.44;199.59;83.84
200.375;0.75;-1;0.01;-0.04;0.05;0.00031;42.49;199.48;85.04
200.25;0.75;-0.875;0.02;-0.04;0.06;0.00029;42.54;199.35;86.17
200.0625;0.6875;-0.75;0.02;-0.03;0.07;0.00028;42.58;199.22;87.23
199.875;0.625;-0.6875;0.03;-0.02;0.07;0.00026;42.63;199.07;88.23
199.6875;0.5625;-0.625;0.02;0;0.07;0.00028;42.68;198.91;89.26
199.5;0.5;-0.5625;0.02;0.01;0.07;0.00031;42.73;198.75;90.43
199.3125;0.4375;-0.625;0.02;0.03;0.07;0.00032;42.78;198.56;91.67
199.125;0.375;-0.6875;0.01;0.04;0.08;0.0003;42.83;198.36;92.99
198.875;0.375;-0.75;0;0.04;0.09;0.00027;42.87;198.12;93.82
198.625;0.375;-0.875;-0.01;0.05;0.09;0.00028;42.92;197.95;94.85
198.375;0.375;-1;-0.02;0.04;0.1;0.00025;42.97;197.72;95.85
198.1875;0.375;-1.125;-0.02;0.04;0.11;0.00024;43.02;197.47;96.77
197.875;0.4375;-1.1875;-0.02;0.02;0.11;0.00024;43.07;197.21;97.69
197.5625;0.5;-1.3125;-0.03;0.01;0.11;0.00024;43.12;196.94;98.63
197.25;0.5625;-1.3125;-0.03;0;0.11;0.00027;43.17;196.66;99.67
196.9375;0.625;-1.3125;-0.02;-0.02;0.11;0.00026;43.22;196.37;100.67
196.6875;0.625;-1.3125;-0.01;-0.03;0.12;0.00024;43.26;196.07;101.51
196.3125;0.6875;-1.25;-0.01;-0.04;0.13;0.00022;43.31;195.79;102.31
196.0625;0.6875;-1.1875;0;-0.04;0.13;0.0002;43.36;195.49;103.05
195.6875;0.6875;-1.0625;0.01;-0.04;0.14;0.00019;43.4;195.17;103.76
195.3125;0.625;-1;0.02;-0.03;0.14;0.00019;43.45;194.84;104.44
195;0.625;-0.9375;0.02;-0.02;0.14;0.00019;43.5;194.51;105.13
194.625;0.5625;-0.875;0.03;-0.01;0.14;0.00021;43.55;194.17;105.97
194.25;0.5;-0.8125;0.03;0.01;0.14;0.0002;43.59;193.8;106.71
193.9375;0.4375;-0.8125;0.03;0.02;0.15;0.00016;43.64;193.44;107.32
193.5;0.3125;-0.875;0.02;0.04;0.15;0.00017;43.69;193.05;108
193.125;0.25;-0.9375;0.01;0.04;0.15;0.00019;43.74;192.64;108.75
192.6875;0.1875;-1.0625;0;0.05;0.15;0.00017;43.8;192.23;109.52
192.25;0.1875;-1.1875;-0.01;0.05;0.16;0.00014;43.84;191.75;109.96
191.8125;0.1875;-1.3125;-0.01;0.04;0.16;0.00014;43.89;191.41;110.47
191.375;0.1875;-1.4375;-0.02;0.03;0.16;0.00015;43.94;191.01;111.03
190.9375;0.25;-1.5;-0.03;0.02;0.17;0.00012;43.98;190.58;111.49
190.5625;0.3125;-1.5625;-0.03;0;0.18;0.00009;44.03;190.14;111.83
190.0625;0.3125;-1.625;-0.03;-0.01;0.17;0.0001;44.08;189.7;112.21
189.5625;0.4375;-1.625;-0.03;-0.02;0.18;0.00007;44.13;189.26;112.46
189.0625;0.5;-1.5625;-0.01;-0.03;0.19;0.00004;44.18;188.82;112.61
188.5625;0.5;-1.5;-0.01;-0.04;0.19;0.00003;44.22;188.36;112.72
188.1875;0.5;-1.4375;-0.01;-0.03;0.19;0.00004;44.27;187.9;112.87
187.625;0.5;-1.375;0.01;-0.03;0.18;0.00005;44.32;187.42;113.06
187.125;0.5;-1.25;0.02;-0.02;0.19;0;44.37;186.94;113.07
186.625;0.4375;-1.1875;0.03;-0.02;0.19;0.00002;44.42;186.48;113.16
186.0625;0.375;-1.1875;0.03;0.01;0.19;0.00004;44.46;185.94;113.29
185.625;0.25;-1.125;0.04;0.02;0.19;0;44.51;185.55;113.28
185.125;0.1875;-1.1875;0.03;0.02;0.19;-0.00001;44.56;185.08;113.24
184.6875;0.0625;-1.1875;0.03;0.03;0.2;-0.00002;44.6;184.6;113.17
184.1875;0;-1.25;0.03;0.04;0.18;0.00004;44.65;184.12;113.31
183.625;-0.0625;-1.3125;0.02;0.03;0.18;0.00003;44.7;183.6;113.44
183.125;-0.1875;-1.4375;0;0.03;0.18;0.00006;44.75;183.11;113.67
182.75;-0.1875;-1.5;-0.01;0.03;0.17;0.00007;44.8;182.63;113.95
182.25;-0.25;-1.5;-0.01;0.01;0.18;0.00005;44.85;182.11;114.15
181.75;-0.25;-1.5625;-0.03;0.01;0.17;0.00006;44.9;181.59;114.39
181.25;-0.1875;-1.5625;-0.03;0.01;0.16;0.00011;44.95;181.07;114.83
180.8125;-0.1875;-1.5625;-0.03;0;0.17;0.00008;45;180.55;115.17
180.375;-0.0625;-1.5625;-0.03;-0.02;0.16;0.0001;45.05;180;115.55
179.875;0;-1.5;-0.03;0;0.14;0.0002;45.1;179.49;116.32
179.5;0;-1.5;-0.02;-0.01;0.15;0.00017;45.15;178.98;117
179.0625;0;-1.4375;-0.01;-0.01;0.15;0.00015;45.19;178.44;117.52
178.6875;0.0625;-1.4375;0;0;0.13;0.00024;45.24;177.96;118.42
178.25;0.0625;-1.375;0.02;0;0.14;0.0002;45.29;177.45;119.16
177.9375;0;-1.375;0.02;0;0.14;0.0002;45.34;176.98;119.92
177.625;0;-1.375;0.03;0;0.14;0.00017;45.39;176.47;120.63
177.25;-0.0625;-1.375;0.03;0.02;0.14;0.00018;45.43;175.91;121.2
176.875;-0.1875;-1.375;0.03;0.01;0.14;0.00016;45.48;175.5;121.79
176.5;-0.25;-1.375;0.03;0.01;0.13;0.00018;45.53;175.01;122.49
176.1875;-0.375;-1.375;0.03;0.02;0.12;0.00025;45.58;174.51;123.44
175.8125;-0.4375;-1.375;0.01;0.01;0.12;0.0002;45.63;174.02;124.2
175.5;-0.5;-1.375;0;0;0.12;0.00019;45.67;173.54;124.88
175.125;-0.5;-1.375;-0.01;0.01;0.11;0.00023;45.72;173.08;125.75
174.8125;-0.5;-1.3125;-0.02;0.01;0.12;0.00019;45.77;172.61;126.46
174.5625;-0.5;-1.3125;-0.03;0;0.12;0.00016;45.82;172.15;127.04
174.1875;-0.4375;-1.3125;-0.03;0;0.12;0.00015;45.86;171.7;127.59
173.875;-0.3125;-1.3125;-0.03;0;0.12;0.00013;45.91;171.25;128.06
173.5625;-0.25;-1.3125;-0.03;0;0.13;0.00011;45.96;170.83;128.45
173.25;-0.1875;-1.25;-0.03;0;0.13;0.00009;46.01;170.4;128.83
172.875;-0.125;-1.25;-0.01;0.01;0.12;0.00011;46.06;169.94;129.23
172.625;-0.0625;-1.25;0;0;0.13;0.00006;46.1;169.5;129.44
172.25;-0.0625;-1.25;0;0;0.13;0.00003;46.15;169.08;129.57
171.875;-0.125;-1.25;0.02;0;0.12;0.00006;46.2;168.66;129.82
171.5625;-0.125;-1.25;0.03;0;0.13;0.00001;46.25;168.24;129.85
171.1875;-0.25;-1.25;0.03;-0.01;0.12;0;46.29;167.85;129.86
170.875;-0.3125;-1.25;0.04;0;0.12;-0.00002;46.34;167.45;129.8
170.5625;-0.375;-1.25;0.03;-0.01;0.13;-0.00006;46.4;167.06;129.56
170.25;-0.5;-1.25;0.02;0;0.12;-0.00005;46.44;166.65;129.37
169.875;-0.5625;-1.25;0.02;0;0.11;-0.00002;46.49;166.3;129.31
169.5625;-0.625;-1.25;0.01;0.01;0.11;-0.00004;46.54;165.95;129.17
169.25;-0.6875;-1.1875;-0.01;0;0.11;-0.00004;46.59;165.59;129.03
168.9375;-0.6875;-1.1875;-0.01;0.01;0.1;-0.00004;46.63;165.24;128.88
168.6875;-0.625;-1.1875;-0.02;0.01;0.1;-0.00007;46.68;164.89;128.62
168.4375;-0.625;-1.25;-0.03;0.02;0.1;-0.00007;46.73;164.57;128.37
168.125;-0.5;-1.25;-0.03;0.01;0.1;-0.00007;46.78;164.26;128.11
167.9375;-0.4375;-1.25;-0.03;0.02;0.1;-0.00009;46.83;163.95;127.79
167.625;-0.375;-1.3125;-0.03;0.01;0.09;-0.0001;46.87;163.66;127.43
167.375;-0.25;-1.3125;-0.01;0.01;0.09;-0.0001;46.92;163.39;127.05
167.1875;-0.25;-1.3125;-0.01;0;0.09;-0.00012;46.97;163.12;126.58
166.9375;-0.1875;-1.3125;0;0;0.09;-0.00013;47.01;162.86;126.13
166.6875;-0.1875;-1.3125;0.02;0;0.08;-0.00013;47.06;162.62;125.65
166.4375;-0.25;-1.3125;0.03;-0.01;0.08;-0.00012;47.11;162.38;125.17
166.25;-0.25;-1.3125;0.03;-0.02;0.07;-0.00013;47.16;162.13;124.66
166.0625;-0.375;-1.3125;0.03;-0.01;0.07;-0.00016;47.21;161.91;124.03
165.875;-0.4375;-1.25;0.02;-0.01;0.08;-0.0002;47.26;161.7;123.27
165.625;-0.5;-1.1875;0.02;-0.01;0.07;-0.0002;47.31;161.49;122.52
165.4375;-0.5625;-1.1875;0.01;-0.01;0.07;-0.00022;47.35;161.31;121.67
165.25;-0.5625;-1.1875;0;0;0.07;-0.00022;47.4;161.13;120.86
165.0625;-0.5625;-1.1875;-0.01;0;0.06;-0.00023;47.45;160.98;119.96
164.875;-0.5625;-1.125;-0.02;0.01;0.07;-0.00027;47.5;160.82;118.9
164.75;-0.5625;-1.125;-0.02;0.02;0.06;-0.00027;47.55;160.68;117.86
164.5625;-0.5;-1.1875;-0.03;0.02;0.05;-0.00027;47.6;160.55;116.78
164.375;-0.4375;-1.25;-0.03;0.02;0.06;-0.00033;47.65;160.44;115.56
164.25;-0.375;-1.3125;-0.02;0.02;0.06;-0.00035;47.7;160.34;114.22
164.0625;-0.3125;-1.3125;-0.02;0.02;0.05;-0.00035;47.75;160.25;112.74
163.875;-0.25;-1.375;-0.01;0.02;0.05;-0.00036;47.79;160.17;111.58
163.75;-0.25;-1.4375;0;0;0.04;-0.00034;47.85;160.12;110.07
163.625;-0.25;-1.4375;0.01;0;0.04;-0.00035;47.89;160.06;108.96
163.5625;-0.25;-1.4375;0.02;0;0.03;-0.00034;47.94;160.03;107.69
163.4375;-0.25;-1.4375;0.03;-0.01;0.03;-0.00035;47.98;160.01;106.4
163.375;-0.3125;-1.4375;0.03;-0.02;0.02;-0.00034;48.03;160;105.1
163.3125;-0.375;-1.375;0.02;0;0.03;-0.00039;48.08;160;103.72
163.25;-0.4375;-1.375;0.02;-0.01;0.03;-0.00041;48.12;160.02;102.23
163.1875;-0.5;-1.375;0.01;-0.01;0.02;-0.00039;48.17;160.04;100.75
163.125;-0.5625;-1.375;0.01;0.01;0.01;-0.00039;48.22;160.08;99.35
163.125;-0.5625;-1.3125;0;0;0.01;-0.00039;48.27;160.13;97.92
163.0625;-0.5625;-1.3125;-0.01;0;0;-0.00039;48.32;160.19;96.42
163.0625;-0.5625;-1.3125;-0.01;0.01;-0.01;-0.00033;48.36;160.27;95.16
163.125;-0.5625;-1.3125;-0.02;0;-0.01;-0.00035;48.42;160.36;93.72
163.125;-0.5;-1.3125;-0.02;0;-0.03;-0.00032;48.46;160.47;92.52
163.1875;-0.5;-1.3125;-0.02;0.01;-0.03;-0.00031;48.51;160.59;91.31
163.25;-0.4375;-1.25;-0.02;0.01;-0.03;-0.00032;48.56;160.72;90.06
163.375;-0.375;-1.25;-0.02;0.01;-0.03;-0.00036;48.61;160.87;88.65
163.4375;-0.3125;-1.25;-0.01;0;-0.04;-0.00032;48.66;161.03;87.42
163.5625;-0.25;-1.25;-0.01;0;-0.05;-0.0003;48.71;161.19;86.3
163.6875;-0.1875;-1.25;0;0;-0.06;-0.0003;48.76;161.37;85.21
163.8125;-0.1875;-1.25;0.01;-0.01;-0.06;-0.0003;48.81;161.55;84.05
164;-0.1875;-1.25;0.01;-0.01;-0.06;-0.0003;48.85;161.75;82.91
164.125;-0.1875;-1.25;0.01;-0.01;-0.08;-0.00025;48.9;161.97;81.92
164.3125;-0.1875;-1.25;0.02;0;-0.08;-0.00024;48.95;162.2;81.01
164.5625;-0.1875;-1.1875;0.02;-0.01;-0.08;-0.00027;49;162.43;79.95
164.75;-0.25;-1.1875;0.02;0;-0.09;-0.00023;49.05;162.69;79.17
165;-0.3125;-1.1875;0.01;0;-0.1;-0.0002;49.09;162.92;78.4
165.25;-0.3125;-1.1875;0.01;0;-0.1;-0.00021;49.14;163.2;77.59
165.5;-0.3125;-1.1875;0;0.01;-0.1;-0.00023;49.19;163.48;76.75
165.8125;-0.3125;-1.1875;0;0;-0.1;-0.00025;49.24;163.76;75.83
166.0625;-0.3125;-1.1875;-0.01;0.01;-0.11;-0.00023;49.28;164.06;75
166.3125;-0.25;-1.1875;-0.01;0.01;-0.11;-0.00019;49.33;164.36;74.28
166.625;-0.25;-1.25;-0.02;0.01;-0.12;-0.00019;49.38;164.67;73.58
166.9375;-0.1875;-1.25;-0.02;0.01;-0.12;-0.0002;49.43;164.99;72.86
167.1875;-0.125;-1.25;-0.02;0;-0.12;-0.00019;49.47;165.32;72.15
167.5625;-0.0625;-1.25;-0.02;0;-0.13;-0.00016;49.52;165.66;71.51
167.875;0;-1.25;-0.01;0;-0.13;-0.00017;49.57;166.04;70.93
168.1875;0;-1.25;-0.01;0;-0.14;-0.00015;49.62;166.38;70.34
168.5625;0;-1.25;0;-0.01;-0.14;-0.00016;49.67;166.77;69.71
168.9375;0;-1.25;0.01;-0.01;-0.14;-0.00016;49.72;167.16;69.06
169.3125;0.0625;-1.25;0.01;-0.01;-0.15;-0.00014;49.77;167.57;68.48
169.6875;0.0625;-1.25;0.01;-0.01;-0.15;-0.00013;49.82;168.03;68.03
170.125;0.0625;-1.1875;0.02;-0.01;-0.15;-0.00012;49.86;168.39;67.58
170.5;0;-1.1875;0.02;-0.01;-0.15;-0.00014;49.91;168.79;67.06
170.9375;0;-1.1875;0.01;0;-0.16;-0.00011;49.96;169.23;66.66
171.25;0;-1.1875;0.01;0;-0.16;-0.00008;50.01;169.65;66.36
171.6875;0;-1.1875;0.01;0;-0.16;-0.00007;50.06;170.09;66.08
172.1875;0;-1.1875;0;0;-0.17;-0.00006;50.11;170.54;65.85
172.625;0;-1.1875;-0.01;0.01;-0.17;-0.00006;50.15;171;65.66
173.125;0;-1.1875;-0.01;0.01;-0.16;-0.00008;50.2;171.43;65.35
173.5625;0;-1.1875;-0.02;0.01;-0.16;-0.00008;50.25;171.88;65.03
173.9375;0.0625;-1.1875;-0.02;0.01;-0.17;-0.00006;50.3;172.35;64.81
174.375;0.125;-1.1875;-0.02;0.01;-0.17;-0.00005;50.35;172.83;64.63
174.875;0.1875;-1.1875;-0.02;0.01;-0.18;-0.00003;50.39;173.32;64.52
175.3125;0.25;-1.1875;-0.02;0;-0.18;-0.00003;50.44;173.76;64.4
175.75;0.25;-1.1875;-0.01;0;-0.18;-0.00003;50.49;174.23;64.3
176.1875;0.3125;-1.1875;0;0;-0.18;-0.00003;50.53;174.7;64.19
176.6875;0.3125;-1.1875;0;-0.01;-0.18;0;50.58;175.17;64.18
177.125;0.3125;-1.1875;0.01;-0.01;-0.19;0.00003;50.63;175.64;64.28
177.625;0.375;-1.125;0.01;-0.01;-0.18;0.00001;50.67;176.11;64.33
178.125;0.3125;-1.125;0.02;-0.01;-0.18;-0.00001;50.72;176.61;64.27
178.5;0.3125;-1.125;0.02;-0.01;-0.18;0.00001;50.77;177.12;64.32
179;0.3125;-1.0625;0.02;-0.01;-0.18;0.00002;50.82;177.64;64.41
179.5;0.25;-1.0625;0.01;0;-0.18;0.00004;50.88;178.17;64.58
180;0.25;-1.0625;0.01;0;-0.19;0.00007;50.92;178.74;64.8
180.5625;0.25;-1.0625;0;0;-0.18;0.00006;50.97;179.17;65.02
181.0625;0.25;-1.0625;-0.01;0;-0.19;0.00007;51.02;179.66;65.29
181.5625;0.25;-1.0625;-0.01;0.01;-0.18;0.00005;51.07;180.17;65.48
182;0.25;-1.0625;-0.02;0.01;-0.18;0.00007;51.11;180.69;65.73
182.4375;0.3125;-1.0625;-0.02;0.01;-0.19;0.00011;51.16;181.2;66.16
183;0.375;-1.0625;-0.02;0.01;-0.19;0.00011;51.21;181.72;66.56
183.5;0.4375;-1.0625;-0.02;0.01;-0.18;0.0001;51.26;182.2;66.92
184;0.5;-1.0625;-0.01;0;-0.18;0.0001;51.31;182.69;67.29
184.5;0.5625;-1.0625;-0.01;0;-0.18;0.0001;51.36;183.2;67.69
184.875;0.5625;-1.0625;0;0;-0.18;0.00015;51.41;183.71;68.36
185.375;0.625;-1.0625;0;-0.01;-0.18;0.00016;51.45;184.31;68.86
185.875;0.625;-1.0625;0.01;-0.01;-0.18;0.00017;51.5;184.72;69.47
186.4375;0.625;-1;0.01;-0.01;-0.18;0.00017;51.55;185.17;70.09
186.8125;0.625;-1;0.01;-0.01;-0.18;0.00017;51.6;185.64;70.73
187.3125;0.625;-1;0.02;-0.01;-0.18;0.00017;51.64;186.13;71.34
187.8125;0.5625;-1;0.02;-0.01;-0.18;0.00019;51.69;186.58;72.02
188.1875;0.5625;-1;0.01;0;-0.18;0.00022;51.74;187.04;72.88
188.6875;0.5;-1;0.01;0;-0.18;0.00023;51.78;187.52;73.68
189.1875;0.5;-1;0;0;-0.18;0.00024;51.83;187.95;74.62
189.6875;0.5;-1;0;0;-0.17;0.00023;51.88;188.42;75.53
190.0625;0.5;-1;-0.01;0.01;-0.17;0.00024;51.93;188.89;76.56
190.5;0.5;-1;-0.01;0.01;-0.17;0.00026;51.98;189.4;77.45
191;0.5625;-0.9375;-0.02;0.01;-0.17;0.00026;52.03;189.8;78.46
191.4375;0.625;-0.9375;-0.02;0.01;-0.16;0.00028;52.07;190.24;79.51
191.9375;0.6875;-0.9375;-0.02;0;-0.16;0.00029;52.12;190.67;80.59
192.375;0.75;-0.9375;-0.02;0;-0.15;0.00026;52.17;191.08;81.6
192.6875;0.75;-0.9375;-0.01;-0.01;-0.16;0.00029;52.22;191.51;82.73
193.125;0.8125;-0.9375;-0.01;0;-0.16;0.00033;52.27;191.93;83.98
193.5625;0.875;-0.9375;0;-0.01;-0.15;0.00033;52.32;192.33;85.23
194;0.875;-0.9375;0;-0.01;-0.15;0.00033;52.37;192.73;86.5
194.4375;0.875;-0.9375;0.01;-0.01;-0.15;0.00034;52.41;193.13;87.77
194.875;0.875;-0.9375;0.02;-0.01;-0.14;0.00031;52.46;193.49;88.92
195.1875;0.875;-0.875;0.02;-0.01;-0.14;0.00032;52.51;193.86;90.24
195.5625;0.8125;-0.875;0.02;-0.01;-0.13;0.00032;52.56;194.25;91.42
195.9375;0.8125;-0.875;0.01;0;-0.12;0.00031;52.61;194.59;92.53
196.25;0.75;-0.875;0.01;-0.01;-0.12;0.00029;52.65;194.92;93.62
196.5625;0.75;-0.875;0.01;0;-0.12;0.00035;52.7;195.24;94.89
196.875;0.6875;-0.875;0;0;-0.13;0.00039;52.75;195.55;96.3
197.1875;0.75;-0.875;0;0;-0.12;0.00038;52.79;195.85;97.69
197.5625;0.75;-0.875;-0.01;0.01;-0.11;0.00035;52.84;196.15;99.05
197.8125;0.75;-0.875;-0.02;0.01;-0.09;0.0003;52.89;196.45;100.04
198.0625;0.75;-0.875;-0.02;0.01;-0.09;0.00029;52.93;196.7;101.13
198.3125;0.8125;-0.875;-0.02;0.01;-0.09;0.00032;52.98;196.97;102.38
198.5;0.875;-0.875;-0.02;0.01;-0.09;0.00035;53.03;197.23;103.75
198.75;0.9375;-0.8125;-0.01;0;-0.08;0.00034;53.08;197.5;105.06
199;1;-0.8125;-0.01;0;-0.07;0.00032;53.14;197.74;106.34
199.25;1;-0.8125;-0.01;0;-0.08;0.00035;53.18;197.99;107.63
199.4375;1;-0.8125;0;0;-0.07;0.00034;53.23;198.2;108.92
199.625;0.9375;-0.8125;0.01;-0.01;-0.06;0.00034;53.28;198.4;110.19
199.8125;0.9375;-0.8125;0.01;-0.01;-0.06;0.00035;53.33;198.59;111.48
200;0.875;-0.8125;0.01;-0.01;-0.05;0.00033;53.38;198.77;112.97
200.125;0.8125;-0.8125;0.02;-0.01;-0.05;0.00033;53.42;198.97;114.02
200.25;0.75;-0.8125;0.02;0;-0.04;0.0003;53.47;199.1;115.11
200.375;0.6875;-0.8125;0.01;0;-0.03;0.00029;53.52;199.24;116.18
200.5;0.625;-0.8125;0.01;0;-0.03;0.00033;53.57;199.37;117.44
200.5625;0.5625;-0.75;0;0;-0.03;0.00031;53.62;199.49;118.65
200.625;0.5625;-0.75;0;0;-0.02;0.00032;53.67;199.6;119.93
200.6875;0.5;-0.75;-0.01;0.01;-0.02;0.00034;53.72;199.7;121.24
200.75;0.5;-0.75;-0.02;0.01;-0.02;0.00033;53.77;199.78;122.57
200.8125;0.5;-0.75;-0.01;0.01;-0.01;0.00034;53.82;199.85;123.94
200.875;0.5;-0.8125;-0.02;0.01;-0.01;0.00035;53.87;199.91;125.27
200.875;0.5625;-0.8125;-0.02;0.01;0;0.00033;53.91;199.95;126.48
200.875;0.5625;-0.8125;-0.01;0.01;0.01;0.00031;53.96;199.98;127.62
200.875;0.625;-0.875;-0.01;0;0.01;0.00032;54.01;200;128.82
200.875;0.625;-0.875;-0.01;0;0.01;0.00032;54.06;200;130.08
200.875;0.5625;-0.875;0;0;0.01;0.00035;54.11;199.99;131.53
200.8125;0.5625;-0.8125;0.01;-0.01;0.02;0.00035;54.16;199.97;132.83
200.8125;0.5625;-0.8125;0.01;-0.01;0.02;0.00037;54.21;199.93;134.3
200.75;0.5;-0.8125;0.01;-0.01;0.03;0.00033;54.26;199.88;135.56
200.6875;0.5;-0.8125;0.02;-0.01;0.03;0.00033;54.3;199.82;136.72
200.5625;0.4375;-0.8125;0.02;-0.01;0.04;0.00034;54.35;199.75;137.95
200.5;0.4375;-0.8125;0.01;-0.01;0.05;0.00031;54.4;199.67;139.08
200.375;0.375;-0.8125;0.01;0;0.05;0.0003;54.44;199.57;140.16
200.25;0.375;-0.8125;0.01;0.01;0.05;0.00033;54.49;199.46;141.4
200.125;0.375;-0.8125;0;0.01;0.06;0.00031;54.54;199.34;142.59
200;0.375;-0.8125;-0.01;0.01;0.06;0.00032;54.59;199.2;143.83
199.8125;0.375;-0.8125;-0.01;0.02;0.06;0.00032;54.64;199.05;145.09
199.625;0.375;-0.875;-0.01;0.01;0.07;0.00031;54.69;198.88;146.3
199.4375;0.375;-0.9375;-0.01;0.01;0.08;0.00028;54.74;198.71;147.41
199.25;0.4375;-0.9375;-0.02;0.01;0.08;0.00029;54.79;198.51;148.52
199;0.4375;-1;-0.01;0.01;0.09;0.00026;54.84;198.31;149.49
198.8125;0.5;-1.0625;-0.01;0.01;0.09;0.00029;54.89;198.1;150.59
198.5625;0.5;-1.0625;-0.01;0;0.1;0.00026;54.93;197.88;151.56
198.3125;0.5;-1.0625;0;0;0.11;0.00023;54.99;197.65;152.5
198.0625;0.5;-1.0625;0;-0.01;0.11;0.00024;55.03;197.39;153.32
197.75;0.5;-1.0625;0.01;-0.01;0.12;0.00019;55.08;197.16;154.02
197.4375;0.5;-1.0625;0.01;-0.01;0.12;0.00022;55.12;196.9;154.81
197.125;0.4375;-1.0625;0.01;-0.01;0.12;0.00021;55.18;196.63;155.66
196.875;0.4375;-1.0625;0.02;-0.01;0.13;0.00018;55.22;196.32;156.31
196.5;0.375;-1;0.01;-0.01;0.13;0.00021;55.27;196.04;157.1
196.1875;0.375;-1;0.01;0;0.13;0.0002;55.32;195.73;157.82
195.8125;0.3125;-1;0.01;0;0.13;0.00022;55.36;195.42;158.6
195.4375;0.3125;-1;0;0.01;0.13;0.0002;55.41;195.11;159.38
195.125;0.3125;-1;0;0.01;0.15;0.00015;55.46;194.76;159.88
194.75;0.3125;-1;-0.01;0.02;0.15;0.00015;55.51;194.45;160.44
194.4375;0.3125;-1.0625;-0.01;0.02;0.15;0.00014;55.55;194.1;160.96
194;0.3125;-1.125;-0.01;0.02;0.15;0.00015;55.6;193.74;161.48
193.5625;0.3125;-1.1875;-0.01;0.03;0.15;0.00016;55.65;193.4;162.09
193.1875;0.3125;-1.25;-0.01;0.02;0.15;0.00014;55.7;193.01;162.65
192.8125;0.3125;-1.3125;-0.01;0.01;0.16;0.00012;55.75;192.61;163.11
192.375;0.3125;-1.3125;-0.01;0.01;0.17;0.0001;55.8;192.2;163.53
191.9375;0.3125;-1.375;0;0.01;0.16;0.00013;55.85;191.77;164
191.5;0.3125;-1.375;0;-0.01;0.17;0.0001;55.9;191.35;164.4
191;0.3125;-1.375;0;-0.01;0.16;0.00012;55.95;190.92;164.89
190.5625;0.25;-1.375;0.01;-0.01;0.17;0.00011;56;190.48;165.31
190.0625;0.25;-1.375;0.01;-0.01;0.17;0.00013;56.05;190.02;165.82
189.625;0.25;-1.3125;0.01;-0.01;0.17;0.00013;56.1;189.55;166.3
189.1875;0.25;-1.3125;0.01;-0.01;0.18;0.00008;56.15;189.1;166.63
188.6875;0.25;-1.25;0.01;0;0.18;0.00009;56.2;188.62;166.97
188.1875;0.1875;-1.25;0.01;0;0.18;0.00007;56.25;188.13;167.22
187.6875;0.1875;-1.25;0;0.01;0.18;0.00007;56.3;187.68;167.49
187.1875;0.1875;-1.25;0;0.02;0.18;0.00005;56.35;187.19;167.67
186.6875;0.1875;-1.3125;0;0.02;0.18;0.00006;56.4;186.7;167.92
186.1875;0.1875;-1.375;0;0.02;0.19;0.00003;56.45;186.2;168.06
185.6875;0.125;-1.4375;-0.01;0.02;0.18;0.00004;56.5;185.68;168.23
185.1875;0.125;-1.5;-0.01;0.02;0.19;0.00003;56.54;185.18;168.33
184.6875;0.125;-1.5625;-0.01;0.02;0.19;0.00001;56.59;184.72;168.36
184.125;0.125;-1.625;-0.01;0.02;0.19;-0.00001;56.64;184.24;168.32
183.6875;0.125;-1.625;-0.01;0.01;0.2;-0.00003;56.69;183.72;168.21
183.1875;0.0625;-1.6875;-0.01;0;0.19;-0.00001;56.74;183.22;168.17
182.625;0.0625;-1.6875;0;0;0.19;-0.00004;56.79;182.7;168.04
182.125;0.0625;-1.6875;0;-0.01;0.19;-0.00003;56.84;182.21;167.93
181.5625;0.0625;-1.6875;0;-0.01;0.2;-0.00008;56.89;181.71;167.63
181;0;-1.625;0;-0.02;0.19;-0.00005;56.93;181.2;167.45
180.5;0;-1.625;0;-0.01;0.2;-0.00008;56.98;180.7;167.14
180.0625;0;-1.5625;0.01;-0.01;0.19;-0.00008;57.03;180.19;166.84
179.5;0;-1.5625;0.01;0;0.19;-0.00009;57.08;179.67;166.51
179;0;-1.5625;0.01;0;0.2;-0.00011;57.13;179.15;166.07
178.4375;0;-1.5625;0.01;0.01;0.19;-0.00011;57.18;178.64;165.67
177.875;0;-1.5625;0.01;0.01;0.2;-0.00013;57.22;178.15;165.18
177.3125;0;-1.625;0.01;0.02;0.19;-0.00012;57.28;177.66;164.7
176.9375;-0.0625;-1.625;0;0.03;0.2;-0.00015;57.32;177.12;164.24
176.375;-0.0625;-1.6875;0;0.03;0.19;-0.00014;57.36;176.71;163.72
175.9375;-0.0625;-1.75;0;0.02;0.2;-0.00017;57.41;176.21;163.09
175.375;-0.0625;-1.8125;0;0.02;0.19;-0.00016;57.46;175.73;162.53
174.875;-0.125;-1.875;-0.01;0.02;0.19;-0.00017;57.5;175.27;161.87
174.3125;-0.125;-1.9375;0;0.01;0.19;-0.00017;57.55;174.78;161.2
173.9375;-0.125;-1.9375;-0.01;0.01;0.18;-0.00015;57.6;174.27;160.62
173.4375;-0.125;-1.875;-0.01;0;0.19;-0.0002;57.66;173.77;159.83
172.9375;-0.1875;-1.875;-0.01;-0.01;0.18;-0.00018;57.7;173.27;159.15
172.4375;-0.1875;-1.8125;-0.01;-0.01;0.18;-0.00021;57.75;172.79;158.34
171.9375;-0.1875;-1.8125;0;-0.02;0.17;-0.0002;57.8;172.31;157.61
171.4375;-0.1875;-1.75;0;-0.01;0.18;-0.00024;57.85;171.84;156.74
170.9375;-0.25;-1.6875;0;-0.01;0.17;-0.00021;57.9;171.4;155.88
170.4375;-0.25;-1.625;0.01;0;0.17;-0.00023;57.94;170.91;155.11
170.0625;-0.25;-1.625;0.01;0;0.17;-0.00025;57.99;170.51;154.19
169.5625;-0.25;-1.5625;0.01;0;0.16;-0.00023;58.04;170.07;153.31
169.125;-0.25;-1.5625;0.01;0.01;0.17;-0.00027;58.09;169.63;152.34
168.6875;-0.3125;-1.5;0.01;0.02;0.15;-0.00023;58.2;169.22;150.36
168.6875;-0.3125;-1.5;0.01;0.02;0.16;-0.00029;58.2;169.22;150.33
167.875;-0.375;-1.5625;0.01;0.02;0.15;-0.00025;58.23;168.24;149.7
167.4375;-0.375;-1.625;0;0.02;0.15;-0.00024;58.28;167.97;148.83
167.0625;-0.375;-1.625;0;0.02;0.15;-0.00026;58.33;167.58;147.85
166.75;-0.375;-1.6875;0;0.02;0.13;-0.00022;58.37;167.18;147.07
166.3125;-0.375;-1.6875;-0.01;0;0.13;-0.00027;58.56;166.83;143.03
165.25;-0.4375;-1.6875;-0.01;0;0.14;-0.00038;58.57;166.83;142.98
164.875;-0.375;-1.6875;-0.01;-0.01;0.13;-0.00029;58.61;165.38;141.97
164.5;-0.375;-1.6875;-0.01;-0.01;0.13;-0.00031;58.66;165.07;140.75
164.25;-0.375;-1.6875;-0.01;-0.01;0.11;-0.00028;58.71;164.72;139.68
163.9375;-0.375;-1.625;-0.01;-0.01;0.11;-0.00029;58.76;164.39;138.54
163.625;-0.375;-1.5625;0;0;0.1;-0.00029;58.93;164.07;134.75
163;-0.375;-1.5625;0.01;0;0.11;-0.0004;58.93;164.07;134.65
162.6875;-0.375;-1.5625;0.01;0.01;0.11;-0.00039;58.96;163.05;133.87
162.375;-0.375;-1.5625;0.01;0.01;0.11;-0.00041;59;162.91;132.32
162.0625;-0.4375;-1.5;0.01;0.02;0.11;-0.00044;59.05;162.66;130.65
161.75;-0.5;-1.5;0.01;0.02;0.1;-0.00041;59.1;162.41;129.11
161.5625;-0.5;-1.5625;0.01;0.03;0.08;-0.00034;59.29;162.17;124.08
161.5625;-0.5;-1.5625;0;0.01;0.07;-0.0004;59.29;162.17;124.02
160.8125;-0.5625;-1.625;0;0.01;0.06;-0.00033;59.29;161.37;123.9
160.6875;-0.5625;-1.625;0;0;0.06;-0.00033;59.34;161.35;122.66
160.5;-0.5625;-1.625;0;0;0.05;-0.00031;59.39;161.17;121.57
160.375;-0.5625;-1.625;0;0;0.05;-0.0003;59.43;161.02;120.47
160.1875;-0.5625;-1.5625;-0.01;-0.01;0.03;-0.00027;59.48;160.87;119.5
160.125;-0.5625;-1.5625;0;0;0.02;-0.00022;59.65;160.73;116.64
160;-0.5625;-1.5625;0;0;0.01;-0.00026;59.65;160.73;116.6
160;-0.5625;-1.5625;0;0.01;0;-0.00022;59.67;160.33;116.23
159.9375;-0.5625;-1.5;0;0;0;-0.0002;59.72;160.29;115.5
159.9375;-0.5625;-1.5;-0.01;0;-0.01;-0.00017;59.77;160.22;114.8
159.9375;-0.5625;-1.5;-0.01;0.01;-0.02;-0.00016;59.82;160.14;114.21
160;-0.5;-1.5;-0.01;0;-0.03;-0.00013;60.01;160.09;112.26
160.125;-0.4375;-1.4375;-0.01;0.01;-0.02;-0.00024;60.01;160.09;112.23
160.1875;-0.4375;-1.4375;-0.01;0;-0.03;-0.00023;60.01;160.09;112.2
160.25;-0.375;-1.4375;-0.01;0;-0.03;-0.0002;60.06;160;111.46
160.3125;-0.375;-1.4375;-0.01;0.01;-0.03;-0.00024;60.1;160.01;110.57
160.375;-0.3125;-1.4375;-0.01;0;-0.03;-0.00026;60.15;160.03;109.55
160.4375;-0.3125;-1.4375;0;0;-0.03;-0.00025;60.2;160.07;108.64
160.5625;-0.3125;-1.375;0.01;0;-0.03;-0.00027;60.37;160.11;105.07
160.5625;-0.3125;-1.375;0.01;-0.01;-0.03;-0.00034;60.37;160.11;105.04
160.8125;-0.3125;-1.375;0.01;0;-0.03;-0.00036;60.4;160.38;104.29
160.875;-0.3125;-1.375;0.01;0;-0.02;-0.0004;60.45;160.43;102.79
160.9375;-0.3125;-1.3125;0.01;-0.01;-0.03;-0.00039;60.5;160.55;101.25
161;-0.3125;-1.3125;0.01;-0.01;-0.03;-0.00039;60.55;160.67;99.73
161.125;-0.3125;-1.3125;0;0;-0.04;-0.00038;60.74;160.81;93.94
161.3125;-0.3125;-1.3125;0;0;-0.05;-0.00041;60.74;160.81;93.89
161.4375;-0.3125;-1.3125;-0.01;0.01;-0.05;-0.00042;60.74;160.81;93.85
161.5625;-0.3125;-1.3125;-0.01;0.01;-0.04;-0.00048;60.79;161.49;92.11
161.6875;-0.25;-1.3125;-0.01;0;-0.03;-0.00051;60.84;161.69;90.21
161.75;-0.25;-1.3125;-0.01;0.01;-0.05;-0.00048;60.88;161.89;88.46
161.875;-0.1875;-1.3125;-0.01;0;-0.05;-0.00048;60.94;162.1;86.53
162;-0.1875;-1.3125;0;0;-0.07;-0.00042;61.1;162.35;81.03
162.3125;-0.125;-1.3125;0;0.01;-0.07;-0.00044;61.11;162.35;80.96
162.5;-0.125;-1.3125;0;0;-0.07;-0.00046;61.12;163.27;80.46
162.6875;-0.125;-1.3125;0.01;-0.01;-0.08;-0.00043;61.17;163.35;78.78
162.875;-0.125;-1.3125;0.01;0;-0.09;-0.0004;61.22;163.64;77.23
163.125;-0.125;-1.25;0.01;-0.01;-0.09;-0.00037;61.27;163.95;75.77
163.375;-0.125;-1.3125;0.01;-0.01;-0.11;-0.00029;61.45;164.27;71.73
163.9375;-0.1875;-1.3125;0.01;-0.01;-0.12;-0.00031;61.45;164.27;71.68
164.25;-0.25;-1.3125;0;0;-0.12;-0.00032;61.47;165.5;71.18
164.5625;-0.25;-1.3125;0;0;-0.12;-0.00032;61.52;165.64;69.99
164.9375;-0.1875;-1.3125;0;0;-0.13;-0.00029;61.56;165.99;68.93
165.25;-0.1875;-1.3125;-0.01;0;-0.14;-0.00023;61.62;166.35;68.03
165.625;-0.1875;-1.3125;-0.01;0;-0.16;-0.00013;61.79;166.74;66.27
165.625;-0.1875;-1.3125;-0.02;0.01;-0.16;-0.00012;61.79;166.74;66.25
166.875;-0.0625;-1.3125;-0.02;0.01;-0.16;-0.00016;61.81;168.19;66.1
167.3125;0;-1.3125;-0.02;0.01;-0.16;-0.00015;61.85;168.29;65.52
167.75;0;-1.3125;-0.01;0;-0.16;-0.00015;61.9;168.71;64.95
168.125;0;-1.3125;0;0;-0.17;-0.00015;61.95;169.14;64.37
168.625;0.0625;-1.3125;0.01;-0.01;-0.18;-0.00008;62.14;169.59;63.29
169.5625;0.0625;-1.3125;0.01;-0.01;-0.18;-0.00006;62.14;169.59;63.28
170.0625;0.0625;-1.3125;0.01;-0.01;-0.18;-0.00008;62.15;171.29;63.23
170.4375;0.0625;-1.3125;0.01;-0.01;-0.19;-0.00006;62.19;171.35;63.04
170.9375;0.0625;-1.3125;0.01;-0.01;-0.19;-0.00005;62.24;171.77;62.82
171.5;0.0625;-1.25;0.01;-0.01;-0.19;-0.00005;62.29;172.27;62.64
171.875;0;-1.25;0.01;0;-0.19;-0.00002;62.33;172.74;62.56
172.4375;0;-1.25;0;0;-0.2;0.00002;62.48;173.11;62.79
173.375;0.0625;-1.25;-0.01;0;-0.2;0.00004;62.49;173.11;62.79
173.9375;0.0625;-1.25;-0.01;0.01;-0.2;0.00001;62.53;174.68;62.83
174.5;0.0625;-1.25;-0.02;0.01;-0.2;0.00003;62.58;175.09;62.95
175.0625;0.125;-1.25;-0.02;0;-0.2;0.00005;62.63;175.6;63.13
175.625;0.1875;-1.25;-0.02;0.01;-0.2;0.00003;62.68;176.12;63.25
176.1875;0.25;-1.25;-0.01;0;-0.2;0.00008;62.83;176.63;64.22
177.3125;0.375;-1.25;-0.01;0;-0.2;0.00012;62.84;176.63;64.24
177.875;0.375;-1.25;0;-0.01;-0.2;0.00009;62.87;178.29;64.49
178.4375;0.375;-1.25;0;0;-0.21;0.0001;62.92;178.68;64.87
179;0.4375;-1.25;0.01;-0.01;-0.2;0.0001;62.97;179.17;65.24
179.5625;0.4375;-1.25;0.01;-0.01;-0.21;0.00012;63.02;179.68;65.71
180;0.4375;-1.25;0.01;-0.01;-0.21;0.00015;63.18;180.22;67.64
180;0.4375;-1.25;0.01;-0.01;-0.2;0.00019;63.18;180.22;67.66
181.75;0.375;-1.1875;0.01;-0.01;-0.2;0.00013;63.21;181.89;67.99
182.3125;0.375;-1.1875;0;0;-0.2;0.00015;63.26;182.23;68.54
182.8125;0.375;-1.1875;0;0;-0.2;0.00017;63.31;182.72;69.18
183.25;0.375;-1.125;-0.01;0;-0.2;0.00017;63.36;183.23;69.85
183.8125;0.4375;-1.125;-0.02;0.01;-0.2;0.00021;63.52;183.75;72.55
184.9375;0.5;-1.125;-0.02;0.01;-0.19;0.00025;63.53;183.75;72.58
185.5;0.5625;-1.125;-0.02;0;-0.19;0.00018;63.55;185.44;72.96
186;0.625;-1.125;-0.01;0.01;-0.19;0.00021;63.6;185.71;73.71
186.4375;0.625;-1.125;-0.01;0;-0.19;0.00021;63.65;186.17;74.52
187;0.6875;-1.125;-0.01;0;-0.18;0.0002;63.69;186.66;75.24
187.5;0.6875;-1.125;0;-0.01;-0.18;0.0002;63.87;187.1;78
187.5;0.6875;-1.125;0.01;-0.01;-0.18;0.00028;63.87;187.1;78.03
188.875;0.75;-1.0625;0.01;-0.01;-0.18;0.00025;63.88;188.79;78.31
189.375;0.75;-1.0625;0.01;-0.01;-0.18;0.00028;63.93;188.93;79.39
189.8125;0.75;-1.0625;0.01;-0.01;-0.18;0.00028;63.98;189.38;80.47
190.3125;0.6875;-1.0625;0.01;0;-0.17;0.00026;64.03;189.84;81.5
190.8125;0.6875;-1.0625;0;-0.01;-0.15;0.00021;64.21;190.3;84.39
191.625;0.6875;-1.0625;0;0;-0.15;0.00031;64.21;190.3;84.42
192.0625;0.6875;-1.0625;-0.01;0;-0.16;0.00029;64.23;191.87;84.92
192.5;0.6875;-1.0625;-0.01;0.01;-0.16;0.00032;64.27;192.05;85.9
192.875;0.75;-1;-0.01;0.01;-0.16;0.00032;64.32;192.38;87.12
193.3125;0.75;-1;-0.02;0.01;-0.15;0.00029;64.37;192.78;88.23
193.75;0.8125;-1;-0.02;0.01;-0.14;0.00027;64.56;193.16;92.15
193.75;0.8125;-1;-0.01;0.01;-0.14;0.00038;64.56;193.16;92.2
194.875;0.9375;-1;-0.01;0;-0.14;0.00034;64.57;194.56;92.42
195.1875;1;-1;-0.01;0;-0.14;0.00036;64.62;194.62;93.85
195.5625;1;-1;0;0;-0.14;0.00037;64.66;194.97;95.27
195.9375;1;-1;0.01;-0.01;-0.13;0.00037;64.71;195.31;96.68
196.3125;1;-1;0.01;-0.01;-0.11;0.00032;64.9;195.63;101.35
196.3125;1;-1;0.01;-0.01;-0.11;0.00041;64.9;195.63;101.39
197.25;0.9375;-0.9375;0.01;-0.01;-0.11;0.00042;64.9;195.63;101.45
197.5625;0.875;-0.9375;0.01;0;-0.11;0.00039;64.95;196.79;102.82
197.8125;0.8125;-0.875;0.01;0;-0.1;0.00038;64.99;197.04;104.22
198.125;0.75;-0.875;0;0;-0.1;0.00038;65.04;197.29;105.63
198.375;0.6875;-0.875;-0.01;0;-0.1;0.0004;65.09;197.54;107.11
198.6875;0.6875;-0.875;-0.01;0.01;-0.08;0.00035;65.25;197.77;111.4
198.6875;0.6875;-0.875;-0.01;0.01;-0.08;0.00044;65.25;197.77;111.44
199.3125;0.625;-0.875;-0.02;0.01;-0.08;0.00042;65.29;198.47;112.76
199.5625;0.625;-0.875;-0.02;0.01;-0.07;0.0004;65.34;198.63;114.35
199.75;0.6875;-0.875;-0.01;0.01;-0.07;0.00039;65.39;198.81;115.88
199.9375;0.6875;-0.875;-0.01;0;-0.06;0.00038;65.44;198.98;117.41
200.125;0.6875;-0.875;0;0;-0.05;0.00036;65.6;199.15;121.82
200.4375;0.6875;-0.875;0.01;-0.01;-0.04;0.00041;65.6;199.15;121.87
200.5625;0.625;-0.875;0.01;-0.01;-0.04;0.00039;65.64;199.56;123.15
200.6875;0.625;-0.875;0.01;-0.01;-0.04;0.00042;65.69;199.65;124.76
200.75;0.625;-0.8125;0.01;-0.01;-0.03;0.00041;65.74;199.74;126.36
200.875;0.5625;-0.8125;0.01;-0.01;-0.03;0.0004;65.79;199.81;127.82
200.9375;0.5;-0.8125;0.01;0;-0.01;0.00034;65.94;199.87;131.93
201.0625;0.4375;-0.8125;0.01;0;0;0.00039;65.94;199.87;132
201.0625;0.4375;-0.8125;-0.01;0;0;0.00038;65.98;199.99;133.17
201.0625;0.4375;-0.8125;-0.01;0.01;0;0.00038;66.03;200;134.74
201.0625;0.4375;-0.8125;-0.01;0.01;0;0.00039;66.08;200;136.12
201.0625;0.4375;-0.8125;-0.01;0.01;0.01;0.00038;66.13;199.98;137.51
201.0625;0.4375;-0.875;-0.01;0.02;0.03;0.00031;66.28;199.96;141.32
200.9375;0.5625;-0.9375;-0.01;0.01;0.03;0.00037;66.29;199.96;141.37
200.875;0.5625;-1;-0.01;0.01;0.03;0.00035;66.32;199.78;142.37
200.75;0.5625;-1;-0.01;0;0.04;0.00034;66.37;199.71;143.71
200.6875;0.5625;-1;0;0;0.04;0.00033;66.42;199.62;145.04
200.5625;0.5625;-1;0;0;0.06;0.00028;66.47;199.51;146.08
200.375;0.5;-1;0.01;-0.01;0.07;0.00024;66.63;199.4;149.07
200;0.5;-1;0.01;-0.01;0.08;0.00027;66.63;199.4;149.11
199.875;0.5;-0.9375;0.01;-0.01;0.07;0.00029;66.66;198.91;149.64
199.6875;0.5;-0.9375;0.01;-0.01;0.08;0.00028;66.7;198.83;150.7
199.5;0.5;-0.9375;0.01;0;0.08;0.00027;66.75;198.65;151.68
199.25;0.4375;-0.9375;0.01;0;0.08;0.00028;66.8;198.47;152.68
199.0625;0.4375;-0.9375;0;0.01;0.11;0.00016;66.99;198.28;155.19
199.0625;0.4375;-0.9375;0;0.02;0.11;0.00022;66.99;198.28;155.22
198.25;0.4375;-1;-0.01;0.02;0.11;0.00023;67;197.35;155.29
197.9375;0.4375;-1;-0.01;0.02;0.11;0.00024;67.05;197.33;156.21
197.625;0.4375;-1.0625;-0.01;0.02;0.11;0.00024;67.1;197.07;157.17
197.3125;0.4375;-1.125;-0.01;0.01;0.11;0.00023;67.15;196.78;158.05
197;0.4375;-1.1875;0;0;0.13;0.00015;67.35;196.5;160.52
196;0.4375;-1.25;0;0;0.13;0.00018;67.35;196.5;160.54
195.625;0.4375;-1.25;0;-0.01;0.13;0.00023;67.39;195.18;161.17
195.3125;0.375;-1.25;0.01;-0.01;0.13;0.0002;67.44;194.94;161.97
195;0.375;-1.25;0.01;-0.01;0.14;0.00018;67.49;194.59;162.68
194.625;0.375;-1.25;0.01;-0.01;0.15;0.00017;67.54;194.22;163.34
194.1875;0.375;-1.1875;0.01;-0.01;0.15;0.00015;67.67;193.85;164.92
194.1875;0.375;-1.1875;0.01;0;0.15;0.00015;67.67;193.85;164.94
193.375;0.375;-1.1875;0;0;0.16;0.00016;67.69;192.8;165.18
192.9375;0.375;-1.1875;0;0.01;0.15;0.00017;67.74;192.64;165.75
192.5;0.3125;-1.1875;0;0.01;0.15;0.00018;67.78;192.29;166.41
192.125;0.3125;-1.25;0;0.02;0.16;0.00016;67.83;191.89;167
191.6875;0.3125;-1.25;0;0.02;0.16;0.00017;67.88;191.49;167.65
191.3125;0.3125;-1.3125;0;0.02;0.16;0.00015;67.93;191.06;168.23
190.875;0.3125;-1.375;-0.01;0.02;0.16;0.00016;67.98;190.63;168.83
190.4375;0.3125;-1.4375;0;0.02;0.17;0.00013;68.03;190.19;169.32
190;0.25;-1.5;-0.01;0.01;0.16;0.00014;68.07;189.76;169.83
189.5;0.25;-1.5;0;0.01;0.17;0.00012;68.12;189.32;170.3
189.125;0.25;-1.5625;0;0;0.18;0.00009;68.17;188.85;170.61
188.6875;0.25;-1.5625;0;-0.01;0.18;0.00007;68.21;188.45;170.88
188.1875;0.25;-1.5625;0;-0.01;0.19;0.00005;68.26;187.99;171.05
187.75;0.1875;-1.5625;0;-0.01;0.19;0.00004;68.31;187.55;171.19
187.25;0.1875;-1.5;0;-0.01;0.18;0.00005;68.35;187.1;171.37
186.75;0.1875;-1.5;0;-0.01;0.18;0.00007;68.4;186.63;171.65
186.25;0.1875;-1.4375;0;-0.01;0.19;0.00002;68.45;186.14;171.72
185.8125;0.1875;-1.4375;0.01;0;0.19;0.00002;68.5;185.65;171.8
185.3125;0.125;-1.4375;0.01;0;0.19;0.00002;68.55;185.15;171.88
184.75;0.125;-1.4375;0.01;0.01;0.19;0.00001;68.6;184.62;171.92
184.25;0.125;-1.4375;0.01;0.01;0.19;-0.00001;68.65;184.13;171.88
183.75;0.125;-1.5;0.01;0.02;0.2;-0.00004;68.7;183.63;171.73
183.1875;0.125;-1.5;0.01;0.02;0.19;-0.00002;68.75;183.13;171.65
182.625;0.0625;-1.5625;0;0.03;0.2;-0.00005;68.8;182.64;171.46
182.125;0.0625;-1.625;0;0.02;0.19;-0.00002;68.84;182.14;171.37
181.6875;0.0625;-1.6875;0;0.02;0.2;-0.00006;68.9;181.62;171.13
181.125;0.0625;-1.75;0;0.02;0.19;-0.00004;68.94;181.07;170.97
180.5625;0;-1.8125;-0.01;0.01;0.2;-0.00007;68.99;180.59;170.7
180.0625;0;-1.8125;-0.01;0;0.19;-0.00007;69.04;180.08;170.45
179.5;0;-1.8125;-0.01;0;0.2;-0.00009;69.09;179.59;170.11
178.9375;0;-1.8125;-0.01;0;0.2;-0.00011;69.14;179.09;169.69
178.5;0;-1.8125;-0.01;0;0.2;-0.00012;69.19;178.58;169.21
178;0;-1.8125;-0.01;-0.01;0.2;-0.00015;69.24;178.03;168.66
177.4375;0;-1.8125;0;-0.01;0.2;-0.00016;69.28;177.54;168.06
176.875;-0.0625;-1.8125;0;-0.01;0.2;-0.00016;69.33;177.03;167.47
176.3125;-0.0625;-1.75;0;0;0.2;-0.00016;69.38;176.54;166.88
175.75;-0.0625;-1.75;0.01;0;0.19;-0.00016;69.43;176.06;166.28
175.3125;-0.0625;-1.6875;0.01;0.01;0.19;-0.00015;69.47;175.58;165.75
174.8125;-0.125;-1.6875;0.01;0.01;0.19;-0.00018;69.52;175.1;165.09
174.3125;-0.125;-1.625;0.01;0.02;0.18;-0.00016;69.57;174.62;164.5
173.875;-0.1875;-1.6875;0.01;0.02;0.18;-0.00018;69.61;174.16;163.82
173.375;-0.1875;-1.6875;0.01;0.02;0.18;-0.00017;69.66;173.67;163.19
172.875;-0.25;-1.6875;0.01;0.02;0.18;-0.00021;69.71;173.21;162.4
172.3125;-0.25;-1.75;0;0.01;0.18;-0.00021;69.77;172.74;161.46
171.9375;-0.25;-1.75;0;0.02;0.18;-0.0002;69.81;172.2;160.79
171.4375;-0.3125;-1.75;0;0.01;0.18;-0.00024;69.86;171.79;159.87
170.9375;-0.3125;-1.75;-0.01;0.01;0.17;-0.00022;69.9;171.32;159.04
170.4375;-0.3125;-1.75;-0.01;0;0.17;-0.00024;69.95;170.88;158.17
170;-0.3125;-1.6875;-0.01;0;0.16;-0.00022;70;170.44;157.31
169.5;-0.3125;-1.6875;-0.01;-0.01;0.17;-0.00025;70.05;169.98;156.36
169.125;-0.3125;-1.6875;-0.01;-0.01;0.16;-0.00021;70.11;169.54;155.43
168.6875;-0.3125;-1.6875;-0.01;-0.01;0.16;-0.00024;70.15;169.06;154.7
168.25;-0.3125;-1.625;0;-0.01;0.16;-0.00025;70.2;168.71;153.71
167.8125;-0.3125;-1.625;0;0;0.15;-0.00027;70.24;168.28;152.76
167.5;-0.3125;-1.625;0;0;0.15;-0.00028;70.29;167.9;151.67
167.0625;-0.3125;-1.5625;0.01;0.01;0.15;-0.00027;70.34;167.5;150.67
166.625;-0.3125;-1.5625;0.01;0.01;0.15;-0.0003;70.38;167.11;149.58
166.25;-0.3125;-1.5;0.01;0.01;0.14;-0.00027;70.43;166.74;148.53
165.9375;-0.375;-1.5;0.01;0.01;0.13;-0.00026;70.48;166.35;147.64
165.5625;-0.4375;-1.5;0.01;0.01;0.13;-0.00029;70.52;166.02;146.59
165.1875;-0.4375;-1.5;0.01;0.02;0.13;-0.00029;70.57;165.68;145.51
164.875;-0.5;-1.5625;0.01;0.01;0.13;-0.00032;70.62;165.34;144.33
