__time,/imu/angular_velocity/x,/imu/angular_velocity/y,/imu/angular_velocity/z,/imu/angular_velocity_covariance[0;0],/imu/angular_velocity_covariance[0;1],/imu/angular_velocity_covariance[0;2],/imu/angular_velocity_covariance[1;1],/imu/angular_velocity_covariance[1;2],/imu/angular_velocity_covariance[2;2],/imu/header/stamp,/imu/linear_acceleration/x,/imu/linear_acceleration/y,/imu/linear_acceleration/z,/imu/linear_acceleration_covariance[0;0],/imu/linear_acceleration_covariance[0;1],/imu/linear_acceleration_covariance[0;2],/imu/linear_acceleration_covariance[1;1],/imu/linear_acceleration_covariance[1;2],/imu/linear_acceleration_covariance[2;2],/imu/orientation/pitch_deg,/imu/orientation/roll_deg,/imu/orientation/w,/imu/orientation/x,/imu/orientation/y,/imu/orientation/yaw_deg,/imu/orientation/z,/imu/orientation_covariance[0;0],/imu/orientation_covariance[0;1],/imu/orientation_covariance[0;2],/imu/orientation_covariance[1;1],/imu/orientation_covariance[1;2],/imu/orientation_covariance[2;2],/imu_euler/data.0,/imu_euler/data.1,/imu_euler/data.2,/imu_euler/layout/data_offset
1717613906.701399,-0.004363323,0.006544985,-0.258526891,0.000000000,0.000000000,0.000000000,0.000000000,0.000000000,0.000000000,0.000000000,0.000000000,0.000000000,0.000000000,0.000000000,0.000000000,0.000000000,0.000000000,0.000000000,0.000000000,-0.782465872,0.277774840,-0.973327637,-0.000793457,0.007202148,-26.515376441,0.229309082,0.000000000,0.000000000,0.000000000,0.000000000,0.000000000,0.000000000,,,,
1717613906.702705,,,,,,,,,,,,,,,,,,,,,,,,,,,,,,,,,26.500000000,0.750000000,-0.250000000,0.000000000
1717613906.747905,-0.004363323,0.008726646,-0.242164433,0.000000000,0.000000000,0.000000000,0.000000000,0.000000000,0.000000000,0.000000000,0.000000000,0.000000000,0.000000000,0.000000000,0.000000000,0.000000000,0.000000000,0.000000000,0.000000000,-0.758743301,0.284348764,-0.971923828,-0.000854492,0.007019043,-27.205818674,0.235168457,0.000000000,0.000000000,0.000000000,0.000000000,0.000000000,0.000000000,,,,
1717613906.748578,,,,,,,,,,,,,,,,,,,,,,,,,,,,,,,,,27.187500000,0.750000000,-0.250000000,0.000000000
1717613906.795410,-0.005454154,0.009817477,-0.247618586,0.000000000,0.000000000,0.000000000,0.000000000,0.000000000,0.000000000,0.000000000,0.000000000,0.000000000,0.000000000,0.000000000,0.000000000,0.000000000,0.000000000,0.000000000,0.000000000,-0.728517297,0.288032819,-0.970825195,-0.000915527,0.006774902,-27.752018035,0.239807129,0.000000000,0.000000000,0.000000000,0.000000000,0.000000000,0.000000000,,,,
1717613906.796990,,,,,,,,,,,,,,,,,,,,,,,,,,,,,,,,,27.875000000,0.687500000,-0.250000000,0.000000000
1717613906.844434,-0.005454154,0.007635816,-0.247618586,0.000000000,0.000000000,0.000000000,0.000000000,0.000000000,0.000000000,0.000000000,0.000000000,0.000000000,0.000000000,0.000000000,0.000000000,0.000000000,0.000000000,0.000000000,0.000000000,-0.691203357,0.290541850,-0.969360352,-0.000976563,0.006469727,-28.430476244,0.245544434,0.000000000,0.000000000,0.000000000,0.000000000,0.000000000,0.000000000,,,,
1717613906.845926,,,,,,,,,,,,,,,,,,,,,,,,,,,,,,,,,28.375000000,0.687500000,-0.250000000,0.000000000
1717613906.893280,-0.004363323,0.002181662,-0.247618586,0.000000000,0.000000000,0.000000000,0.000000000,0.000000000,0.000000000,0.000000000,0.000000000,0.000000000,0.000000000,0.000000000,0.000000000,0.000000000,0.000000000,0.000000000,0.000000000,-0.669130656,0.289389621,-0.967895508,-0.000976563,0.006286621,-29.115735326,0.251342773,0.000000000,0.000000000,0.000000000,0.000000000,0.000000000,0.000000000,,,,
1717613906.894814,,,,,,,,,,,,,,,,,,,,,,,,,,,,,,,,,29.062500000,0.625000000,-0.250000000,0.000000000
1717613906.940516,-0.006544985,0.003272492,-0.255254388,0.000000000,0.000000000,0.000000000,0.000000000,0.000000000,0.000000000,0.000000000,0.000000000,0.000000000,0.000000000,0.000000000,0.000000000,0.000000000,0.000000000,0.000000000,0.000000000,-0.638529841,0.293054522,-0.966308594,-0.001037598,0.006042480,-29.818061233,0.257263184,0.000000000,0.000000000,0.000000000,0.000000000,0.000000000,0.000000000,,,,
1717613906.942011,,,,,,,,,,,,,,,,,,,,,,,,,,,,,,,,,29.812500000,0.625000000,-0.250000000,0.000000000
1717613906.987439,-0.005454154,-0.002181662,-0.241073608,0.000000000,0.000000000,0.000000000,0.000000000,0.000000000,0.000000000,0.000000000,0.000000000,0.000000000,0.000000000,0.000000000,0.000000000,0.000000000,0.000000000,0.000000000,0.000000000,-0.616496523,0.291347043,-0.964782715,-0.001037598,0.005859375,-30.505057212,0.263061523,0.000000000,0.000000000,0.000000000,0.000000000,0.000000000,0.000000000,,,,
1717613906.989183,,,,,,,,,,,,,,,,,,,,,,,,,,,,,,,,,30.500000000,0.562500000,-0.250000000,0.000000000
1717613907.035940,-0.002181662,-0.011999139,-0.236710280,0.000000000,0.000000000,0.000000000,0.000000000,0.000000000,0.000000000,0.000000000,0.000000000,0.000000000,0.000000000,0.000000000,0.000000000,0.000000000,0.000000000,0.000000000,0.000000000,-0.601663181,0.290448090,-0.963562012,-0.001037598,0.005737305,-31.034397301,0.267517090,0.000000000,0.000000000,0.000000000,0.000000000,0.000000000,0.000000000,,,,
1717613907.036965,,,,,,,,,,,,,,,,,,,,,,,,,,,,,,,,,31.000000000,0.562500000,-0.250000000,0.000000000
1717613907.084540,0.002181662,-0.019634955,-0.229074463,0.000000000,0.000000000,0.000000000,0.000000000,0.000000000,0.000000000,0.000000000,0.000000000,0.000000000,0.000000000,0.000000000,0.000000000,0.000000000,0.000000000,0.000000000,0.000000000,-0.622109254,0.292837776,-0.962036133,-0.000976563,0.005920410,-31.681025671,0.272949219,0.000000000,0.000000000,0.000000000,0.000000000,0.000000000,0.000000000,,,,
1717613907.084948,,,,,,,,,,,,,,,,,,,,,,,,,,,,,,,,,31.625000000,0.562500000,-0.250000000,0.000000000
1717613907.132392,-0.001090831,-0.032724924,-0.199622035,0.000000000,0.000000000,0.000000000,0.000000000,0.000000000,0.000000000,0.000000000,0.000000000,0.000000000,0.000000000,0.000000000,0.000000000,0.000000000,0.000000000,0.000000000,0.000000000,-0.686889707,0.293429903,-0.960571289,-0.000793457,0.006469727,-32.278767598,0.277954102,0.000000000,0.000000000,0.000000000,0.000000000,0.000000000,0.000000000,,,,
1717613907.134124,,,,,,,,,,,,,,,,,,,,,,,,,,,,,,,,,32.250000000,0.625000000,-0.250000000,0.000000000
1717613907.178369,0.000000000,-0.017453292,-0.111264735,0.000000000,0.000000000,0.000000000,0.000000000,0.000000000,0.000000000,0.000000000,0.000000000,0.000000000,0.000000000,0.000000000,0.000000000,0.000000000,0.000000000,0.000000000,0.000000000,-0.736700394,0.296430951,-0.959472656,-0.000671387,0.006896973,-32.717041576,0.281616211,0.000000000,0.000000000,0.000000000,0.000000000,0.000000000,0.000000000,,,,
1717613907.182807,,,,,,,,,,,,,,,,,,,,,,,,,,,,,,,,,32.687500000,0.687500000,-0.250000000,0.000000000
1717613907.227587,-0.001090831,-0.004363323,0.001090831,0.000000000,0.000000000,0.000000000,0.000000000,0.000000000,0.000000000,0.000000000,0.000000000,0.000000000,0.000000000,0.000000000,0.000000000,0.000000000,0.000000000,0.000000000,0.000000000,-0.729826266,0.294821850,-0.959350586,-0.000671387,0.006835938,-32.774642988,0.282104492,0.000000000,0.000000000,0.000000000,0.000000000,0.000000000,0.000000000,,,,
1717613907.228225,,,,,,,,,,,,,,,,,,,,,,,,,,,,,,,,,32.750000000,0.687500000,-0.250000000,0.000000000
1717613907.276510,0.000000000,-0.001090831,0.000000000,0.000000000,0.000000000,0.000000000,0.000000000,0.000000000,0.000000000,0.000000000,0.000000000,0.000000000,0.000000000,0.000000000,0.000000000,0.000000000,0.000000000,0.000000000,0.000000000,-0.709696680,0.288901422,-0.959350586,-0.000671387,0.006652832,-32.774554529,0.282104492,0.000000000,0.000000000,0.000000000,0.000000000,0.000000000,0.000000000,,,,
1717613907.277131,,,,,,,,,,,,,,,,,,,,,,,,,,,,,,,,,32.750000000,0.687500000,-0.250000000,0.000000000
1717613907.326869,-0.001090831,-0.002181662,-0.001090831,0.000000000,0.000000000,0.000000000,0.000000000,0.000000000,0.000000000,0.000000000,0.000000000,0.000000000,0.000000000,0.000000000,0.000000000,0.000000000,0.000000000,0.000000000,0.000000000,-0.702986806,0.286927956,-0.959350586,-0.000671387,0.006591797,-32.774525504,0.282104492,0.000000000,0.000000000,0.000000000,0.000000000,0.000000000,0.000000000,,,,
1717613907.331493,,,,,,,,,,,,,,,,,,,,,,,,,,,,,,,,,32.750000000,0.687500000,-0.250000000,0.000000000
1717613907.375396,0.001090831,0.000000000,-0.001090831,0.000000000,0.000000000,0.000000000,0.000000000,0.000000000,0.000000000,0.000000000,0.000000000,0.000000000,0.000000000,0.000000000,0.000000000,0.000000000,0.000000000,0.000000000,0.000000000,-0.702986806,0.286927956,-0.959350586,-0.000671387,0.006591797,-32.774525504,0.282104492,0.000000000,0.000000000,0.000000000,0.000000000,0.000000000,0.000000000,,,,
1717613907.375960,,,,,,,,,,,,,,,,,,,,,,,,,,,,,,,,,32.750000000,0.687500000,-0.250000000,0.000000000
1717613907.424418,-0.001090831,-0.004363323,0.001090831,0.000000000,0.000000000,0.000000000,0.000000000,0.000000000,0.000000000,0.000000000,0.000000000,0.000000000,0.000000000,0.000000000,0.000000000,0.000000000,0.000000000,0.000000000,0.000000000,-0.702986806,0.286927956,-0.959350586,-0.000671387,0.006591797,-32.774525504,0.282104492,0.000000000,0.000000000,0.000000000,0.000000000,0.000000000,0.000000000,,,,
1717613907.424726,,,,,,,,,,,,,,,,,,,,,,,,,,,,,,,,,32.750000000,0.687500000,-0.250000000,0.000000000
1717613907.474882,-0.001090831,-0.003272492,0.000000000,0.000000000,0.000000000,0.000000000,0.000000000,0.000000000,0.000000000,0.000000000,0.000000000,0.000000000,0.000000000,0.000000000,0.000000000,0.000000000,0.000000000,0.000000000,0.000000000,-0.702986806,0.286927956,-0.959350586,-0.000671387,0.006591797,-32.774525504,0.282104492,0.000000000,0.000000000,0.000000000,0.000000000,0.000000000,0.000000000,,,,
1717613907.474994,,,,,,,,,,,,,,,,,,,,,,,,,,,,,,,,,32.750000000,0.687500000,-0.250000000,0.000000000
1717613907.518368,-0.001090831,-0.004363323,0.002181662,0.000000000,0.000000000,0.000000000,0.000000000,0.000000000,0.000000000,0.000000000,0.000000000,0.000000000,0.000000000,0.000000000,0.000000000,0.000000000,0.000000000,0.000000000,0.000000000,-0.702986806,0.286927956,-0.959350586,-0.000671387,0.006591797,-32.774525504,0.282104492,0.000000000,0.000000000,0.000000000,0.000000000,0.000000000,0.000000000,,,,
1717613907.518899,,,,,,,,,,,,,,,,,,,,,,,,,,,,,,,,,32.750000000,0.687500000,-0.250000000,0.000000000
1717613907.567391,-0.001090831,0.003272492,-0.001090831,0.000000000,0.000000000,0.000000000,0.000000000,0.000000000,0.000000000,0.000000000,0.000000000,0.000000000,0.000000000,0.000000000,0.000000000,0.000000000,0.000000000,0.000000000,0.000000000,-0.702986806,0.286927956,-0.959350586,-0.000671387,0.006591797,-32.774525504,0.282104492,0.000000000,0.000000000,0.000000000,0.000000000,0.000000000,0.000000000,,,,
1717613907.568919,,,,,,,,,,,,,,,,,,,,,,,,,,,,,,,,,32.750000000,0.687500000,-0.250000000,0.000000000
1717613907.616367,-0.001090831,-0.001090831,-0.002181662,0.000000000,0.000000000,0.000000000,0.000000000,0.000000000,0.000000000,0.000000000,0.000000000,0.000000000,0.000000000,0.000000000,0.000000000,0.000000000,0.000000000,0.000000000,0.000000000,-0.702986806,0.286927956,-0.959350586,-0.000671387,0.006591797,-32.774525504,0.282104492,0.000000000,0.000000000,0.000000000,0.000000000,0.000000000,0.000000000,,,,
1717613907.616978,,,,,,,,,,,,,,,,,,,,,,,,,,,,,,,,,32.750000000,0.687500000,-0.250000000,0.000000000
1717613907.665473,-0.001090831,-0.001090831,-0.001090831,0.000000000,0.000000000,0.000000000,0.000000000,0.000000000,0.000000000,0.000000000,0.000000000,0.000000000,0.000000000,0.000000000,0.000000000,0.000000000,0.000000000,0.000000000,0.000000000,-0.702986806,0.286927956,-0.959350586,-0.000671387,0.006591797,-32.774525504,0.282104492,0.000000000,0.000000000,0.000000000,0.000000000,0.000000000,0.000000000,,,,
1717613907.666545,,,,,,,,,,,,,,,,,,,,,,,,,,,,,,,,,32.750000000,0.687500000,-0.250000000,0.000000000
1717613907.712412,-0.001090831,-0.003272492,0.000000000,0.000000000,0.000000000,0.000000000,0.000000000,0.000000000,0.000000000,0.000000000,0.000000000,0.000000000,0.000000000,0.000000000,0.000000000,0.000000000,0.000000000,0.000000000,0.000000000,-0.702986806,0.286927956,-0.959350586,-0.000671387,0.006591797,-32.774525504,0.282104492,0.000000000,0.000000000,0.000000000,0.000000000,0.000000000,0.000000000,,,,
1717613907.714067,,,,,,,,,,,,,,,,,,,,,,,,,,,,,,,,,32.750000000,0.687500000,-0.250000000,0.000000000
1717613907.759446,-0.001090831,0.000000000,0.000000000,0.000000000,0.000000000,0.000000000,0.000000000,0.000000000,0.000000000,0.000000000,0.000000000,0.000000000,0.000000000,0.000000000,0.000000000,0.000000000,0.000000000,0.000000000,0.000000000,-0.702986806,0.286927956,-0.959350586,-0.000671387,0.006591797,-32.774525504,0.282104492,0.000000000,0.000000000,0.000000000,0.000000000,0.000000000,0.000000000,,,,
1717613907.761122,,,,,,,,,,,,,,,,,,,,,,,,,,,,,,,,,32.750000000,0.687500000,-0.250000000,0.000000000
1717613907.807540,-0.001090831,-0.001090831,-0.003272492,0.000000000,0.000000000,0.000000000,0.000000000,0.000000000,0.000000000,0.000000000,0.000000000,0.000000000,0.000000000,0.000000000,0.000000000,0.000000000,0.000000000,0.000000000,0.000000000,-0.702986806,0.286927956,-0.959350586,-0.000671387,0.006591797,-32.774525504,0.282104492,0.000000000,0.000000000,0.000000000,0.000000000,0.000000000,0.000000000,,,,
1717613907.808505,,,,,,,,,,,,,,,,,,,,,,,,,,,,,,,,,32.750000000,0.687500000,-0.250000000,0.000000000
1717613907.853523,-0.003272492,-0.001090831,-0.001090831,0.000000000,0.000000000,0.000000000,0.000000000,0.000000000,0.000000000,0.000000000,0.000000000,0.000000000,0.000000000,0.000000000,0.000000000,0.000000000,0.000000000,0.000000000,0.000000000,-0.702986806,0.286927956,-0.959350586,-0.000671387,0.006591797,-32.774525504,0.282104492,0.000000000,0.000000000,0.000000000,0.000000000,0.000000000,0.000000000,,,,
1717613907.855518,,,,,,,,,,,,,,,,,,,,,,,,,,,,,,,,,32.750000000,0.687500000,-0.250000000,0.000000000
1717613907.901626,0.001090831,-0.002181662,0.001090831,0.000000000,0.000000000,0.000000000,0.000000000,0.000000000,0.000000000,0.000000000,0.000000000,0.000000000,0.000000000,0.000000000,0.000000000,0.000000000,0.000000000,0.000000000,0.000000000,-0.702986806,0.286927956,-0.959350586,-0.000671387,0.006591797,-32.774525504,0.282104492,0.000000000,0.000000000,0.000000000,0.000000000,0.000000000,0.000000000,,,,
1717613907.902954,,,,,,,,,,,,,,,,,,,,,,,,,,,,,,,,,32.750000000,0.687500000,-0.250000000,0.000000000
1717613907.950505,0.000000000,0.001090831,0.000000000,0.000000000,0.000000000,0.000000000,0.000000000,0.000000000,0.000000000,0.000000000,0.000000000,0.000000000,0.000000000,0.000000000,0.000000000,0.000000000,0.000000000,0.000000000,0.000000000,-0.702986806,0.286927956,-0.959350586,-0.000671387,0.006591797,-32.774525504,0.282104492,0.000000000,0.000000000,0.000000000,0.000000000,0.000000000,0.000000000,,,,
1717613907.951654,,,,,,,,,,,,,,,,,,,,,,,,,,,,,,,,,32.750000000,0.687500000,-0.250000000,0.000000000
1717613908.000855,-0.002181662,-0.002181662,-0.002181662,0.000000000,0.000000000,0.000000000,0.000000000,0.000000000,0.000000000,0.000000000,0.000000000,0.000000000,0.000000000,0.000000000,0.000000000,0.000000000,0.000000000,0.000000000,0.000000000,-0.702986806,0.286927956,-0.959350586,-0.000671387,0.006591797,-32.774525504,0.282104492,0.000000000,0.000000000,0.000000000,0.000000000,0.000000000,0.000000000,,,,
1717613908.002473,,,,,,,,,,,,,,,,,,,,,,,,,,,,,,,,,32.750000000,0.687500000,-0.250000000,0.000000000
1717613908.050529,0.000000000,-0.003272492,-0.002181662,0.000000000,0.000000000,0.000000000,0.000000000,0.000000000,0.000000000,0.000000000,0.000000000,0.000000000,0.000000000,0.000000000,0.000000000,0.000000000,0.000000000,0.000000000,0.000000000,-0.702986806,0.286927956,-0.959350586,-0.000671387,0.006591797,-32.774525504,0.282104492,0.000000000,0.000000000,0.000000000,0.000000000,0.000000000,0.000000000,,,,
1717613908.052204,,,,,,,,,,,,,,,,,,,,,,,,,,,,,,,,,32.750000000,0.687500000,-0.250000000,0.000000000
1717613908.100299,-0.002181662,-0.003272492,-0.001090831,0.000000000,0.000000000,0.000000000,0.000000000,0.000000000,0.000000000,0.000000000,0.000000000,0.000000000,0.000000000,0.000000000,0.000000000,0.000000000,0.000000000,0.000000000,0.000000000,-0.702986806,0.286927956,-0.959350586,-0.000671387,0.006591797,-32.774525504,0.282104492,0.000000000,0.000000000,0.000000000,0.000000000,0.000000000,0.000000000,,,,
1717613908.101694,,,,,,,,,,,,,,,,,,,,,,,,,,,,,,,,,32.750000000,0.687500000,-0.250000000,0.000000000
1717613908.149707,-0.002181662,0.003272492,-0.001090831,0.000000000,0.000000000,0.000000000,0.000000000,0.000000000,0.000000000,0.000000000,0.000000000,0.000000000,0.000000000,0.000000000,0.000000000,0.000000000,0.000000000,0.000000000,0.000000000,-0.702986806,0.286927956,-0.959350586,-0.000671387,0.006591797,-32.774525504,0.282104492,0.000000000,0.000000000,0.000000000,0.000000000,0.000000000,0.000000000,,,,
1717613908.150504,,,,,,,,,,,,,,,,,,,,,,,,,,,,,,,,,32.750000000,0.687500000,-0.250000000,0.000000000
1717613908.200547,-0.002181662,-0.002181662,-0.001090831,0.000000000,0.000000000,0.000000000,0.000000000,0.000000000,0.000000000,0.000000000,0.000000000,0.000000000,0.000000000,0.000000000,0.000000000,0.000000000,0.000000000,0.000000000,0.000000000,-0.702986806,0.286927956,-0.959350586,-0.000671387,0.006591797,-32.774525504,0.282104492,0.000000000,0.000000000,0.000000000,0.000000000,0.000000000,0.000000000,,,,
1717613908.201281,,,,,,,,,,,,,,,,,,,,,,,,,,,,,,,,,32.750000000,0.687500000,-0.250000000,0.000000000
1717613908.250496,-0.003272492,-0.001090831,-0.003272492,0.000000000,0.000000000,0.000000000,0.000000000,0.000000000,0.000000000,0.000000000,0.000000000,0.000000000,0.000000000,0.000000000,0.000000000,0.000000000,0.000000000,0.000000000,0.000000000,-0.702986806,0.286927956,-0.959350586,-0.000671387,0.006591797,-32.774525504,0.282104492,0.000000000,0.000000000,0.000000000,0.000000000,0.000000000,0.000000000,,,,
1717613908.252414,,,,,,,,,,,,,,,,,,,,,,,,,,,,,,,,,32.750000000,0.687500000,-0.250000000,0.000000000
1717613908.301325,-0.001090831,-0.004363323,0.000000000,0.000000000,0.000000000,0.000000000,0.000000000,0.000000000,0.000000000,0.000000000,0.000000000,0.000000000,0.000000000,0.000000000,0.000000000,0.000000000,0.000000000,0.000000000,0.000000000,-0.702986806,0.286927956,-0.959350586,-0.000671387,0.006591797,-32.774525504,0.282104492,0.000000000,0.000000000,0.000000000,0.000000000,0.000000000,0.000000000,,,,
1717613908.302845,,,,,,,,,,,,,,,,,,,,,,,,,,,,,,,,,32.750000000,0.687500000,-0.250000000,0.000000000
1717613908.353086,0.000000000,0.000000000,-0.001090831,0.000000000,0.000000000,0.000000000,0.000000000,0.000000000,0.000000000,0.000000000,0.000000000,0.000000000,0.000000000,0.000000000,0.000000000,0.000000000,0.000000000,0.000000000,0.000000000,-0.702986806,0.286927956,-0.959350586,-0.000671387,0.006591797,-32.774525504,0.282104492,0.000000000,0.000000000,0.000000000,0.000000000,0.000000000,0.000000000,,,,
1717613908.354831,,,,,,,,,,,,,,,,,,,,,,,,,,,,,,,,,32.750000000,0.687500000,-0.250000000,0.000000000
1717613908.400532,-0.001090831,0.002181662,0.000000000,0.000000000,0.000000000,0.000000000,0.000000000,0.000000000,0.000000000,0.000000000,0.000000000,0.000000000,0.000000000,0.000000000,0.000000000,0.000000000,0.000000000,0.000000000,0.000000000,-0.702986806,0.286927956,-0.959350586,-0.000671387,0.006591797,-32.774525504,0.282104492,0.000000000,0.000000000,0.000000000,0.000000000,0.000000000,0.000000000,,,,
1717613908.401120,,,,,,,,,,,,,,,,,,,,,,,,,,,,,,,,,32.750000000,0.687500000,-0.250000000,0.000000000
1717613908.450724,-0.001090831,-0.002181662,-0.002181662,0.000000000,0.000000000,0.000000000,0.000000000,0.000000000,0.000000000,0.000000000,0.000000000,0.000000000,0.000000000,0.000000000,0.000000000,0.000000000,0.000000000,0.000000000,0.000000000,-0.702986806,0.286927956,-0.959350586,-0.000671387,0.006591797,-32.774525504,0.282104492,0.000000000,0.000000000,0.000000000,0.000000000,0.000000000,0.000000000,,,,
1717613908.451675,,,,,,,,,,,,,,,,,,,,,,,,,,,,,,,,,32.750000000,0.687500000,-0.250000000,0.000000000
1717613908.499438,0.000000000,-0.005454154,0.000000000,0.000000000,0.000000000,0.000000000,0.000000000,0.000000000,0.000000000,0.000000000,0.000000000,0.000000000,0.000000000,0.000000000,0.000000000,0.000000000,0.000000000,0.000000000,0.000000000,-0.702986806,0.286927956,-0.959350586,-0.000671387,0.006591797,-32.774525504,0.282104492,0.000000000,0.000000000,0.000000000,0.000000000,0.000000000,0.000000000,,,,
1717613908.502654,,,,,,,,,,,,,,,,,,,,,,,,,,,,,,,,,32.750000000,0.687500000,-0.250000000,0.000000000
1717613908.546391,-0.002181662,0.000000000,-0.001090831,0.000000000,0.000000000,0.000000000,0.000000000,0.000000000,0.000000000,0.000000000,0.000000000,0.000000000,0.000000000,0.000000000,0.000000000,0.000000000,0.000000000,0.000000000,0.000000000,-0.702986806,0.286927956,-0.959350586,-0.000671387,0.006591797,-32.774525504,0.282104492,0.000000000,0.000000000,0.000000000,0.000000000,0.000000000,0.000000000,,,,
1717613908.547896,,,,,,,,,,,,,,,,,,,,,,,,,,,,,,,,,32.750000000,0.687500000,-0.250000000,0.000000000
1717613908.593504,-0.001090831,0.001090831,-0.003272492,0.000000000,0.000000000,0.000000000,0.000000000,0.000000000,0.000000000,0.000000000,0.000000000,0.000000000,0.000000000,0.000000000,0.000000000,0.000000000,0.000000000,0.000000000,0.000000000,-0.702986806,0.286927956,-0.959350586,-0.000671387,0.006591797,-32.774525504,0.282104492,0.000000000,0.000000000,0.000000000,0.000000000,0.000000000,0.000000000,,,,
1717613908.595104,,,,,,,,,,,,,,,,,,,,,,,,,,,,,,,,,32.750000000,0.687500000,-0.250000000,0.000000000
1717613908.642314,-0.002181662,-0.003272492,-0.001090831,0.000000000,0.000000000,0.000000000,0.000000000,0.000000000,0.000000000,0.000000000,0.000000000,0.000000000,0.000000000,0.000000000,0.000000000,0.000000000,0.000000000,0.000000000,0.000000000,-0.702986806,0.286927956,-0.959350586,-0.000671387,0.006591797,-32.774525504,0.282104492,0.000000000,0.000000000,0.000000000,0.000000000,0.000000000,0.000000000,,,,
1717613908.643772,,,,,,,,,,,,,,,,,,,,,,,,,,,,,,,,,32.750000000,0.687500000,-0.250000000,0.000000000
1717613908.691571,-0.001090831,-0.001090831,0.000000000,0.000000000,0.000000000,0.000000000,0.000000000,0.000000000,0.000000000,0.000000000,0.000000000,0.000000000,0.000000000,0.000000000,0.000000000,0.000000000,0.000000000,0.000000000,0.000000000,-0.702986806,0.286927956,-0.959350586,-0.000671387,0.006591797,-32.774525504,0.282104492,0.000000000,0.000000000,0.000000000,0.000000000,0.000000000,0.000000000,,,,
1717613908.692698,,,,,,,,,,,,,,,,,,,,,,,,,,,,,,,,,32.750000000,0.687500000,-0.250000000,0.000000000
1717613908.739243,-0.002181662,0.000000000,-0.002181662,0.000000000,0.000000000,0.000000000,0.000000000,0.000000000,0.000000000,0.000000000,0.000000000,0.000000000,0.000000000,0.000000000,0.000000000,0.000000000,0.000000000,0.000000000,0.000000000,-0.702986806,0.286927956,-0.959350586,-0.000671387,0.006591797,-32.774525504,0.282104492,0.000000000,0.000000000,0.000000000,0.000000000,0.000000000,0.000000000,,,,
1717613908.743249,,,,,,,,,,,,,,,,,,,,,,,,,,,,,,,,,32.750000000,0.687500000,-0.250000000,0.000000000
1717613908.785510,-0.001090831,-0.004363323,-0.001090831,0.000000000,0.000000000,0.000000000,0.000000000,0.000000000,0.000000000,0.000000000,0.000000000,0.000000000,0.000000000,0.000000000,0.000000000,0.000000000,0.000000000,0.000000000,0.000000000,-0.702986806,0.286927956,-0.959350586,-0.000671387,0.006591797,-32.774525504,0.282104492,0.000000000,0.000000000,0.000000000,0.000000000,0.000000000,0.000000000,,,,
1717613908.786952,,,,,,,,,,,,,,,,,,,,,,,,,,,,,,,,,32.750000000,0.687500000,-0.250000000,0.000000000
1717613908.833213,0.000000000,-0.002181662,-0.003272492,0.000000000,0.000000000,0.000000000,0.000000000,0.000000000,0.000000000,0.000000000,0.000000000,0.000000000,0.000000000,0.000000000,0.000000000,0.000000000,0.000000000,0.000000000,0.000000000,-0.702986806,0.286927956,-0.959350586,-0.000671387,0.006591797,-32.774525504,0.282104492,0.000000000,0.000000000,0.000000000,0.000000000,0.000000000,0.000000000,,,,
1717613908.833969,,,,,,,,,,,,,,,,,,,,,,,,,,,,,,,,,32.750000000,0.687500000,-0.250000000,0.000000000
1717613908.883415,-0.001090831,-0.003272492,-0.002181662,0.000000000,0.000000000,0.000000000,0.000000000,0.000000000,0.000000000,0.000000000,0.000000000,0.000000000,0.000000000,0.000000000,0.000000000,0.000000000,0.000000000,0.000000000,0.000000000,-0.702986806,0.286927956,-0.959350586,-0.000671387,0.006591797,-32.774525504,0.282104492,0.000000000,0.000000000,0.000000000,0.000000000,0.000000000,0.000000000,,,,
1717613908.885004,,,,,,,,,,,,,,,,,,,,,,,,,,,,,,,,,32.750000000,0.687500000,-0.250000000,0.000000000
1717613908.932374,-0.001090831,0.000000000,-0.001090831,0.000000000,0.000000000,0.000000000,0.000000000,0.000000000,0.000000000,0.000000000,0.000000000,0.000000000,0.000000000,0.000000000,0.000000000,0.000000000,0.000000000,0.000000000,0.000000000,-0.702986806,0.286927956,-0.959350586,-0.000671387,0.006591797,-32.774525504,0.282104492,0.000000000,0.000000000,0.000000000,0.000000000,0.000000000,0.000000000,,,,
1717613908.934566,,,,,,,,,,,,,,,,,,,,,,,,,,,,,,,,,32.750000000,0.687500000,-0.250000000,0.000000000
1717613908.980614,-0.002181662,-0.003272492,0.000000000,0.000000000,0.000000000,0.000000000,0.000000000,0.000000000,0.000000000,0.000000000,0.000000000,0.000000000,0.000000000,0.000000000,0.000000000,0.000000000,0.000000000,0.000000000,0.000000000,-0.702986806,0.286927956,-0.959350586,-0.000671387,0.006591797,-32.774525504,0.282104492,0.000000000,0.000000000,0.000000000,0.000000000,0.000000000,0.000000000,,,,
1717613908.981348,,,,,,,,,,,,,,,,,,,,,,,,,,,,,,,,,32.750000000,0.687500000,-0.250000000,0.000000000
1717613909.027532,-0.003272492,0.001090831,-0.001090831,0.000000000,0.000000000,0.000000000,0.000000000,0.000000000,0.000000000,0.000000000,0.000000000,0.000000000,0.000000000,0.000000000,0.000000000,0.000000000,0.000000000,0.000000000,0.000000000,-0.702986806,0.286927956,-0.959350586,-0.000671387,0.006591797,-32.774525504,0.282104492,0.000000000,0.000000000,0.000000000,0.000000000,0.000000000,0.000000000,,,,
1717613909.032229,,,,,,,,,,,,,,,,,,,,,,,,,,,,,,,,,32.750000000,0.687500000,-0.250000000,0.000000000
1717613909.075519,-0.001090831,-0.002181662,-0.001090831,0.000000000,0.000000000,0.000000000,0.000000000,0.000000000,0.000000000,0.000000000,0.000000000,0.000000000,0.000000000,0.000000000,0.000000000,0.000000000,0.000000000,0.000000000,0.000000000,-0.702986806,0.286927956,-0.959350586,-0.000671387,0.006591797,-32.774525504,0.282104492,0.000000000,0.000000000,0.000000000,0.000000000,0.000000000,0.000000000,,,,
1717613909.075922,,,,,,,,,,,,,,,,,,,,,,,,,,,,,,,,,32.750000000,0.687500000,-0.250000000,0.000000000
1717613909.125504,0.000000000,-0.004363323,-0.001090831,0.000000000,0.000000000,0.000000000,0.000000000,0.000000000,0.000000000,0.000000000,0.000000000,0.000000000,0.000000000,0.000000000,0.000000000,0.000000000,0.000000000,0.000000000,0.000000000,-0.702986806,0.286927956,-0.959350586,-0.000671387,0.006591797,-32.774525504,0.282104492,0.000000000,0.000000000,0.000000000,0.000000000,0.000000000,0.000000000,,,,
1717613909.125562,,,,,,,,,,,,,,,,,,,,,,,,,,,,,,,,,32.750000000,0.687500000,-0.250000000,0.000000000
1717613909.174160,0.000000000,-0.004363323,0.000000000,0.000000000,0.000000000,0.000000000,0.000000000,0.000000000,0.000000000,0.000000000,0.000000000,0.000000000,0.000000000,0.000000000,0.000000000,0.000000000,0.000000000,0.000000000,0.000000000,-0.702986806,0.286927956,-0.959350586,-0.000671387,0.006591797,-32.774525504,0.282104492,0.000000000,0.000000000,0.000000000,0.000000000,0.000000000,0.000000000,,,,
1717613909.174592,,,,,,,,,,,,,,,,,,,,,,,,,,,,,,,,,32.750000000,0.687500000,-0.250000000,0.000000000
1717613909.224118,-0.003272492,0.001090831,-0.001090831,0.000000000,0.000000000,0.000000000,0.000000000,0.000000000,0.000000000,0.000000000,0.000000000,0.000000000,0.000000000,0.000000000,0.000000000,0.000000000,0.000000000,0.000000000,0.000000000,-0.702986806,0.286927956,-0.959350586,-0.000671387,0.006591797,-32.774525504,0.282104492,0.000000000,0.000000000,0.000000000,0.000000000,0.000000000,0.000000000,,,,
1717613909.224945,,,,,,,,,,,,,,,,,,,,,,,,,,,,,,,,,32.750000000,0.687500000,-0.250000000,0.000000000
1717613909.270811,-0.001090831,-0.001090831,-0.001090831,0.000000000,0.000000000,0.000000000,0.000000000,0.000000000,0.000000000,0.000000000,0.000000000,0.000000000,0.000000000,0.000000000,0.000000000,0.000000000,0.000000000,0.000000000,0.000000000,-0.702986806,0.286927956,-0.959350586,-0.000671387,0.006591797,-32.774525504,0.282104492,0.000000000,0.000000000,0.000000000,0.000000000,0.000000000,0.000000000,,,,
1717613909.272192,,,,,,,,,,,,,,,,,,,,,,,,,,,,,,,,,32.750000000,0.687500000,-0.250000000,0.000000000
1717613909.317852,-0.001090831,-0.002181662,0.000000000,0.000000000,0.000000000,0.000000000,0.000000000,0.000000000,0.000000000,0.000000000,0.000000000,0.000000000,0.000000000,0.000000000,0.000000000,0.000000000,0.000000000,0.000000000,0.000000000,-0.702986806,0.286927956,-0.959350586,-0.000671387,0.006591797,-32.774525504,0.282104492,0.000000000,0.000000000,0.000000000,0.000000000,0.000000000,0.000000000,,,,
1717613909.318937,,,,,,,,,,,,,,,,,,,,,,,,,,,,,,,,,32.750000000,0.687500000,-0.250000000,0.000000000
1717613909.365518,-0.001090831,-0.005454154,-0.002181662,0.000000000,0.000000000,0.000000000,0.000000000,0.000000000,0.000000000,0.000000000,0.000000000,0.000000000,0.000000000,0.000000000,0.000000000,0.000000000,0.000000000,0.000000000,0.000000000,-0.702986806,0.286927956,-0.959350586,-0.000671387,0.006591797,-32.774525504,0.282104492,0.000000000,0.000000000,0.000000000,0.000000000,0.000000000,0.000000000,,,,
1717613909.366751,,,,,,,,,,,,,,,,,,,,,,,,,,,,,,,,,32.750000000,0.687500000,-0.250000000,0.000000000
1717613909.411558,-0.002181662,-0.005454154,0.000000000,0.000000000,0.000000000,0.000000000,0.000000000,0.000000000,0.000000000,0.000000000,0.000000000,0.000000000,0.000000000,0.000000000,0.000000000,0.000000000,0.000000000,0.000000000,0.000000000,-0.702986806,0.286927956,-0.959350586,-0.000671387,0.006591797,-32.774525504,0.282104492,0.000000000,0.000000000,0.000000000,0.000000000,0.000000000,0.000000000,,,,
1717613909.413200,,,,,,,,,,,,,,,,,,,,,,,,,,,,,,,,,32.750000000,0.687500000,-0.250000000,0.000000000
1717613909.458747,-0.002181662,0.000000000,-0.003272492,0.000000000,0.000000000,0.000000000,0.000000000,0.000000000,0.000000000,0.000000000,0.000000000,0.000000000,0.000000000,0.000000000,0.000000000,0.000000000,0.000000000,0.000000000,0.000000000,-0.702986806,0.286927956,-0.959350586,-0.000671387,0.006591797,-32.774525504,0.282104492,0.000000000,0.000000000,0.000000000,0.000000000,0.000000000,0.000000000,,,,
1717613909.459139,,,,,,,,,,,,,,,,,,,,,,,,,,,,,,,,,32.750000000,0.687500000,-0.250000000,0.000000000
1717613909.507612,-0.002181662,-0.002181662,-0.001090831,0.000000000,0.000000000,0.000000000,0.000000000,0.000000000,0.000000000,0.000000000,0.000000000,0.000000000,0.000000000,0.000000000,0.000000000,0.000000000,0.000000000,0.000000000,0.000000000,-0.702986806,0.286927956,-0.959350586,-0.000671387,0.006591797,-32.774525504,0.282104492,0.000000000,0.000000000,0.000000000,0.000000000,0.000000000,0.000000000,,,,
1717613909.510625,,,,,,,,,,,,,,,,,,,,,,,,,,,,,,,,,32.750000000,0.687500000,-0.250000000,0.000000000
1717613909.559115,-0.001090831,-0.003272492,-0.001090831,0.000000000,0.000000000,0.000000000,0.000000000,0.000000000,0.000000000,0.000000000,0.000000000,0.000000000,0.000000000,0.000000000,0.000000000,0.000000000,0.000000000,0.000000000,0.000000000,-0.702986806,0.286927956,-0.959350586,-0.000671387,0.006591797,-32.774525504,0.282104492,0.000000000,0.000000000,0.000000000,0.000000000,0.000000000,0.000000000,,,,
1717613909.559283,,,,,,,,,,,,,,,,,,,,,,,,,,,,,,,,,32.750000000,0.687500000,-0.250000000,0.000000000
1717613909.606467,-0.001090831,-0.002181662,0.001090831,0.000000000,0.000000000,0.000000000,0.000000000,0.000000000,0.000000000,0.000000000,0.000000000,0.000000000,0.000000000,0.000000000,0.000000000,0.000000000,0.000000000,0.000000000,0.000000000,-0.702986806,0.286927956,-0.959350586,-0.000671387,0.006591797,-32.774525504,0.282104492,0.000000000,0.000000000,0.000000000,0.000000000,0.000000000,0.000000000,,,,
1717613909.606961,,,,,,,,,,,,,,,,,,,,,,,,,,,,,,,,,32.750000000,0.687500000,-0.250000000,0.000000000
1717613909.656681,-0.004363323,-0.002181662,-0.001090831,0.000000000,0.000000000,0.000000000,0.000000000,0.000000000,0.000000000,0.000000000,0.000000000,0.000000000,0.000000000,0.000000000,0.000000000,0.000000000,0.000000000,0.000000000,0.000000000,-0.702986806,0.286927956,-0.959350586,-0.000671387,0.006591797,-32.774525504,0.282104492,0.000000000,0.000000000,0.000000000,0.000000000,0.000000000,0.000000000,,,,
1717613909.657102,,,,,,,,,,,,,,,,,,,,,,,,,,,,,,,,,32.750000000,0.687500000,-0.250000000,0.000000000
1717613909.704593,-0.002181662,0.001090831,-0.001090831,0.000000000,0.000000000,0.000000000,0.000000000,0.000000000,0.000000000,0.000000000,0.000000000,0.000000000,0.000000000,0.000000000,0.000000000,0.000000000,0.000000000,0.000000000,0.000000000,-0.702986806,0.286927956,-0.959350586,-0.000671387,0.006591797,-32.774525504,0.282104492,0.000000000,0.000000000,0.000000000,0.000000000,0.000000000,0.000000000,,,,
1717613909.705848,,,,,,,,,,,,,,,,,,,,,,,,,,,,,,,,,32.750000000,0.687500000,-0.250000000,0.000000000
1717613909.751152,-0.001090831,0.000000000,-0.001090831,0.000000000,0.000000000,0.000000000,0.000000000,0.000000000,0.000000000,0.000000000,0.000000000,0.000000000,0.000000000,0.000000000,0.000000000,0.000000000,0.000000000,0.000000000,0.000000000,-0.702986806,0.286927956,-0.959350586,-0.000671387,0.006591797,-32.774525504,0.282104492,0.000000000,0.000000000,0.000000000,0.000000000,0.000000000,0.000000000,,,,
1717613909.751455,,,,,,,,,,,,,,,,,,,,,,,,,,,,,,,,,32.750000000,0.687500000,-0.250000000,0.000000000
1717613909.799483,-0.001090831,-0.003272492,0.001090831,0.000000000,0.000000000,0.000000000,0.000000000,0.000000000,0.000000000,0.000000000,0.000000000,0.000000000,0.000000000,0.000000000,0.000000000,0.000000000,0.000000000,0.000000000,0.000000000,-0.702986806,0.286927956,-0.959350586,-0.000671387,0.006591797,-32.774525504,0.282104492,0.000000000,0.000000000,0.000000000,0.000000000,0.000000000,0.000000000,,,,
1717613909.800273,,,,,,,,,,,,,,,,,,,,,,,,,,,,,,,,,32.750000000,0.687500000,-0.250000000,0.000000000
1717613909.848504,-0.001090831,-0.005454154,0.000000000,0.000000000,0.000000000,0.000000000,0.000000000,0.000000000,0.000000000,0.000000000,0.000000000,0.000000000,0.000000000,0.000000000,0.000000000,0.000000000,0.000000000,0.000000000,0.000000000,-0.702986806,0.286927956,-0.959350586,-0.000671387,0.006591797,-32.774525504,0.282104492,0.000000000,0.000000000,0.000000000,0.000000000,0.000000000,0.000000000,,,,
1717613909.848891,,,,,,,,,,,,,,,,,,,,,,,,,,,,,,,,,32.750000000,0.687500000,-0.250000000,0.000000000
1717613909.898510,-0.001090831,-0.003272492,-0.001090831,0.000000000,0.000000000,0.000000000,0.000000000,0.000000000,0.000000000,0.000000000,0.000000000,0.000000000,0.000000000,0.000000000,0.000000000,0.000000000,0.000000000,0.000000000,0.000000000,-0.702986806,0.286927956,-0.959350586,-0.000671387,0.006591797,-32.774525504,0.282104492,0.000000000,0.000000000,0.000000000,0.000000000,0.000000000,0.000000000,,,,
1717613909.899161,,,,,,,,,,,,,,,,,,,,,,,,,,,,,,,,,32.750000000,0.687500000,-0.250000000,0.000000000
1717613909.948259,-0.002181662,-0.003272492,0.000000000,0.000000000,0.000000000,0.000000000,0.000000000,0.000000000,0.000000000,0.000000000,0.000000000,0.000000000,0.000000000,0.000000000,0.000000000,0.000000000,0.000000000,0.000000000,0.000000000,-0.702986806,0.286927956,-0.959350586,-0.000671387,0.006591797,-32.774525504,0.282104492,0.000000000,0.000000000,0.000000000,0.000000000,0.000000000,0.000000000,,,,
1717613909.948864,,,,,,,,,,,,,,,,,,,,,,,,,,,,,,,,,32.750000000,0.687500000,-0.250000000,0.000000000
1717613909.998638,-0.002181662,0.001090831,-0.002181662,0.000000000,0.000000000,0.000000000,0.000000000,0.000000000,0.000000000,0.000000000,0.000000000,0.000000000,0.000000000,0.000000000,0.000000000,0.000000000,0.000000000,0.000000000,0.000000000,-0.702986806,0.286927956,-0.959350586,-0.000671387,0.006591797,-32.774525504,0.282104492,0.000000000,0.000000000,0.000000000,0.000000000,0.000000000,0.000000000,,,,
1717613909.999099,,,,,,,,,,,,,,,,,,,,,,,,,,,,,,,,,32.750000000,0.687500000,-0.250000000,0.000000000
1717613910.047249,-0.002181662,-0.001090831,-0.001090831,0.000000000,0.000000000,0.000000000,0.000000000,0.000000000,0.000000000,0.000000000,0.000000000,0.000000000,0.000000000,0.000000000,0.000000000,0.000000000,0.000000000,0.000000000,0.000000000,-0.702986806,0.286927956,-0.959350586,-0.000671387,0.006591797,-32.774525504,0.282104492,0.000000000,0.000000000,0.000000000,0.000000000,0.000000000,0.000000000,,,,
1717613910.047914,,,,,,,,,,,,,,,,,,,,,,,,,,,,,,,,,32.750000000,0.687500000,-0.250000000,0.000000000
1717613910.095523,-0.001090831,-0.003272492,-0.001090831,0.000000000,0.000000000,0.000000000,0.000000000,0.000000000,0.000000000,0.000000000,0.000000000,0.000000000,0.000000000,0.000000000,0.000000000,0.000000000,0.000000000,0.000000000,0.000000000,-0.702986806,0.286927956,-0.959350586,-0.000671387,0.006591797,-32.774525504,0.282104492,0.000000000,0.000000000,0.000000000,0.000000000,0.000000000,0.000000000,,,,
1717613910.096938,,,,,,,,,,,,,,,,,,,,,,,,,,,,,,,,,32.750000000,0.687500000,-0.250000000,0.000000000
1717613910.142375,-0.003272492,-0.003272492,0.000000000,0.000000000,0.000000000,0.000000000,0.000000000,0.000000000,0.000000000,0.000000000,0.000000000,0.000000000,0.000000000,0.000000000,0.000000000,0.000000000,0.000000000,0.000000000,0.000000000,-0.702986806,0.286927956,-0.959350586,-0.000671387,0.006591797,-32.774525504,0.282104492,0.000000000,0.000000000,0.000000000,0.000000000,0.000000000,0.000000000,,,,
1717613910.142914,,,,,,,,,,,,,,,,,,,,,,,,,,,,,,,,,32.750000000,0.687500000,-0.250000000,0.000000000
1717613910.191601,-0.002181662,0.000000000,-0.001090831,0.000000000,0.000000000,0.000000000,0.000000000,0.000000000,0.000000000,0.000000000,0.000000000,0.000000000,0.000000000,0.000000000,0.000000000,0.000000000,0.000000000,0.000000000,0.000000000,-0.702986806,0.286927956,-0.959350586,-0.000671387,0.006591797,-32.774525504,0.282104492,0.000000000,0.000000000,0.000000000,0.000000000,0.000000000,0.000000000,,,,
1717613910.193032,,,,,,,,,,,,,,,,,,,,,,,,,,,,,,,,,32.750000000,0.687500000,-0.250000000,0.000000000
1717613910.240359,-0.001090831,-0.001090831,-0.001090831,0.000000000,0.000000000,0.000000000,0.000000000,0.000000000,0.000000000,0.000000000,0.000000000,0.000000000,0.000000000,0.000000000,0.000000000,0.000000000,0.000000000,0.000000000,0.000000000,-0.702986806,0.286927956,-0.959350586,-0.000671387,0.006591797,-32.774525504,0.282104492,0.000000000,0.000000000,0.000000000,0.000000000,0.000000000,0.000000000,,,,
1717613910.241407,,,,,,,,,,,,,,,,,,,,,,,,,,,,,,,,,32.750000000,0.687500000,-0.250000000,0.000000000
1717613910.290704,-0.003272492,0.000000000,-0.001090831,0.000000000,0.000000000,0.000000000,0.000000000,0.000000000,0.000000000,0.000000000,0.000000000,0.000000000,0.000000000,0.000000000,0.000000000,0.000000000,0.000000000,0.000000000,0.000000000,-0.702986806,0.286927956,-0.959350586,-0.000671387,0.006591797,-32.774525504,0.282104492,0.000000000,0.000000000,0.000000000,0.000000000,0.000000000,0.000000000,,,,
1717613910.291073,,,,,,,,,,,,,,,,,,,,,,,,,,,,,,,,,32.750000000,0.687500000,-0.250000000,0.000000000
1717613910.342097,-0.002181662,-0.003272492,-0.002181662,0.000000000,0.000000000,0.000000000,0.000000000,0.000000000,0.000000000,0.000000000,0.000000000,0.000000000,0.000000000,0.000000000,0.000000000,0.000000000,0.000000000,0.000000000,0.000000000,-0.702986806,0.286927956,-0.959350586,-0.000671387,0.006591797,-32.774525504,0.282104492,0.000000000,0.000000000,0.000000000,0.000000000,0.000000000,0.000000000,,,,
1717613910.342237,,,,,,,,,,,,,,,,,,,,,,,,,,,,,,,,,32.750000000,0.687500000,-0.250000000,0.000000000
1717613910.390770,-0.002181662,-0.006544985,0.000000000,0.000000000,0.000000000,0.000000000,0.000000000,0.000000000,0.000000000,0.000000000,0.000000000,0.000000000,0.000000000,0.000000000,0.000000000,0.000000000,0.000000000,0.000000000,0.000000000,-0.702986806,0.286927956,-0.959350586,-0.000671387,0.006591797,-32.774525504,0.282104492,0.000000000,0.000000000,0.000000000,0.000000000,0.000000000,0.000000000,,,,
1717613910.391230,,,,,,,,,,,,,,,,,,,,,,,,,,,,,,,,,32.750000000,0.687500000,-0.250000000,0.000000000
1717613910.440778,-0.003272492,0.001090831,-0.002181662,0.000000000,0.000000000,0.000000000,0.000000000,0.000000000,0.000000000,0.000000000,0.000000000,0.000000000,0.000000000,0.000000000,0.000000000,0.000000000,0.000000000,0.000000000,0.000000000,-0.702986806,0.286927956,-0.959350586,-0.000671387,0.006591797,-32.774525504,0.282104492,0.000000000,0.000000000,0.000000000,0.000000000,0.000000000,0.000000000,,,,
1717613910.445882,,,,,,,,,,,,,,,,,,,,,,,,,,,,,,,,,32.750000000,0.687500000,-0.250000000,0.000000000
1717613910.490277,-0.004363323,-0.002181662,-0.001090831,0.000000000,0.000000000,0.000000000,0.000000000,0.000000000,0.000000000,0.000000000,0.000000000,0.000000000,0.000000000,0.000000000,0.000000000,0.000000000,0.000000000,0.000000000,0.000000000,-0.702986806,0.286927956,-0.959350586,-0.000671387,0.006591797,-32.774525504,0.282104492,0.000000000,0.000000000,0.000000000,0.000000000,0.000000000,0.000000000,,,,
1717613910.491054,,,,,,,,,,,,,,,,,,,,,,,,,,,,,,,,,32.750000000,0.687500000,-0.250000000,0.000000000
1717613910.540706,-0.002181662,-0.003272492,-0.002181662,0.000000000,0.000000000,0.000000000,0.000000000,0.000000000,0.000000000,0.000000000,0.000000000,0.000000000,0.000000000,0.000000000,0.000000000,0.000000000,0.000000000,0.000000000,0.000000000,-0.702986806,0.286927956,-0.959350586,-0.000671387,0.006591797,-32.774525504,0.282104492,0.000000000,0.000000000,0.000000000,0.000000000,0.000000000,0.000000000,,,,
1717613910.541358,,,,,,,,,,,,,,,,,,,,,,,,,,,,,,,,,32.750000000,0.687500000,-0.250000000,0.000000000
1717613910.591429,-0.003272492,0.000000000,-0.002181662,0.000000000,0.000000000,0.000000000,0.000000000,0.000000000,0.000000000,0.000000000,0.000000000,0.000000000,0.000000000,0.000000000,0.000000000,0.000000000,0.000000000,0.000000000,0.000000000,-0.702986806,0.286927956,-0.959350586,-0.000671387,0.006591797,-32.774525504,0.282104492,0.000000000,0.000000000,0.000000000,0.000000000,0.000000000,0.000000000,,,,
1717613910.592020,,,,,,,,,,,,,,,,,,,,,,,,,,,,,,,,,32.750000000,0.687500000,-0.250000000,0.000000000
1717613910.641993,0.001090831,-0.007635816,-0.001090831,0.000000000,0.000000000,0.000000000,0.000000000,0.000000000,0.000000000,0.000000000,0.000000000,0.000000000,0.000000000,0.000000000,0.000000000,0.000000000,0.000000000,0.000000000,0.000000000,-0.702986806,0.286927956,-0.959350586,-0.000671387,0.006591797,-32.774525504,0.282104492,0.000000000,0.000000000,0.000000000,0.000000000,0.000000000,0.000000000,,,,
1717613910.642700,,,,,,,,,,,,,,,,,,,,,,,,,,,,,,,,,32.750000000,0.687500000,-0.250000000,0.000000000
1717613910.691428,0.000000000,-0.006544985,0.001090831,0.000000000,0.000000000,0.000000000,0.000000000,0.000000000,0.000000000,0.000000000,0.000000000,0.000000000,0.000000000,0.000000000,0.000000000,0.000000000,0.000000000,0.000000000,0.000000000,-0.689567037,0.282981036,-0.959350586,-0.000671387,0.006469727,-32.774468150,0.282104492,0.000000000,0.000000000,0.000000000,0.000000000,0.000000000,0.000000000,,,,
1717613910.692031,,,,,,,,,,,,,,,,,,,,,,,,,,,,,,,,,32.750000000,0.687500000,-0.250000000,0.000000000
1717613910.740393,-0.007635816,-0.005454154,0.000000000,0.000000000,0.000000000,0.000000000,0.000000000,0.000000000,0.000000000,0.000000000,0.000000000,0.000000000,0.000000000,0.000000000,0.000000000,0.000000000,0.000000000,0.000000000,0.000000000,-0.674173932,0.285744503,-0.959350586,-0.000732422,0.006347656,-32.774446394,0.282104492,0.000000000,0.000000000,0.000000000,0.000000000,0.000000000,0.000000000,,,,
1717613910.741363,,,,,,,,,,,,,,,,,,,,,,,,,,,,,,,,,32.750000000,0.625000000,-0.250000000,0.000000000
1717613910.789450,-0.002181662,0.006544985,-0.001090831,0.000000000,0.000000000,0.000000000,0.000000000,0.000000000,0.000000000,0.000000000,0.000000000,0.000000000,0.000000000,0.000000000,0.000000000,0.000000000,0.000000000,0.000000000,0.000000000,-0.660754117,0.281797614,-0.959350586,-0.000732422,0.006225586,-32.774390170,0.282104492,0.000000000,0.000000000,0.000000000,0.000000000,0.000000000,0.000000000,,,,
1717613910.790212,,,,,,,,,,,,,,,,,,,,,,,,,,,,,,,,,32.750000000,0.625000000,-0.250000000,0.000000000
1717613910.836290,-0.001090831,-0.003272492,0.000000000,0.000000000,0.000000000,0.000000000,0.000000000,0.000000000,0.000000000,0.000000000,0.000000000,0.000000000,0.000000000,0.000000000,0.000000000,0.000000000,0.000000000,0.000000000,0.000000000,-0.642597652,0.269166960,-0.959350586,-0.000671387,0.006042480,-32.774274689,0.282104492,0.000000000,0.000000000,0.000000000,0.000000000,0.000000000,0.000000000,,,,
1717613910.837004,,,,,,,,,,,,,,,,,,,,,,,,,,,,,,,,,32.750000000,0.625000000,-0.250000000,0.000000000
1717613910.884255,0.000000000,-0.003272492,0.000000000,0.000000000,0.000000000,0.000000000,0.000000000,0.000000000,0.000000000,0.000000000,0.000000000,0.000000000,0.000000000,0.000000000,0.000000000,0.000000000,0.000000000,0.000000000,0.000000000,-0.635887715,0.267193538,-0.959350586,-0.000671387,0.005981445,-32.774247976,0.282104492,0.000000000,0.000000000,0.000000000,0.000000000,0.000000000,0.000000000,,,,
1717613910.884848,,,,,,,,,,,,,,,,,,,,,,,,,,,,,,,,,32.750000000,0.625000000,-0.250000000,0.000000000
1717613910.933684,-0.003272492,0.002181662,0.000000000,0.000000000,0.000000000,0.000000000,0.000000000,0.000000000,0.000000000,0.000000000,0.000000000,0.000000000,0.000000000,0.000000000,0.000000000,0.000000000,0.000000000,0.000000000,0.000000000,-0.613784577,0.267983639,-0.959350586,-0.000732422,0.005798340,-32.774200669,0.282104492,0.000000000,0.000000000,0.000000000,0.000000000,0.000000000,0.000000000,,,,
1717613910.934230,,,,,,,,,,,,,,,,,,,,,,,,,,,,,,,,,32.750000000,0.562500000,-0.250000000,0.000000000
1717613910.983217,-0.001090831,-0.003272492,-0.001090831,0.000000000,0.000000000,0.000000000,0.000000000,0.000000000,0.000000000,0.000000000,0.000000000,0.000000000,0.000000000,0.000000000,0.000000000,0.000000000,0.000000000,0.000000000,0.000000000,-0.600364657,0.264036827,-0.959350586,-0.000732422,0.005676270,-32.774148606,0.282104492,0.000000000,0.000000000,0.000000000,0.000000000,0.000000000,0.000000000,,,,
1717613910.983849,,,,,,,,,,,,,,,,,,,,,,,,,,,,,,,,,32.750000000,0.562500000,-0.250000000,0.000000000
1717613911.033074,-0.002181662,0.001090831,-0.002181662,0.000000000,0.000000000,0.000000000,0.000000000,0.000000000,0.000000000,0.000000000,0.000000000,0.000000000,0.000000000,0.000000000,0.000000000,0.000000000,0.000000000,0.000000000,0.000000000,-0.586944714,0.260090031,-0.959350586,-0.000732422,0.005554199,-32.774097467,0.282104492,0.000000000,0.000000000,0.000000000,0.000000000,0.000000000,0.000000000,,,,
1717613911.038664,,,,,,,,,,,,,,,,,,,,,,,,,,,,,,,,,32.750000000,0.562500000,-0.250000000,0.000000000
1717613911.080511,-0.003272492,0.001090831,0.000000000,0.000000000,0.000000000,0.000000000,0.000000000,0.000000000,0.000000000,0.000000000,0.000000000,0.000000000,0.000000000,0.000000000,0.000000000,0.000000000,0.000000000,0.000000000,0.000000000,-0.573524750,0.256143252,-0.959350586,-0.000732422,0.005432129,-32.774047253,0.282104492,0.000000000,0.000000000,0.000000000,0.000000000,0.000000000,0.000000000,,,,
1717613911.080781,,,,,,,,,,,,,,,,,,,,,,,,,,,,,,,,,32.750000000,0.562500000,-0.250000000,0.000000000
1717613911.126607,0.000000000,-0.003272492,-0.003272492,0.000000000,0.000000000,0.000000000,0.000000000,0.000000000,0.000000000,0.000000000,0.000000000,0.000000000,0.000000000,0.000000000,0.000000000,0.000000000,0.000000000,0.000000000,0.000000000,-0.560104764,0.252196488,-0.959350586,-0.000732422,0.005310059,-32.773997964,0.282104492,0.000000000,0.000000000,0.000000000,0.000000000,0.000000000,0.000000000,,,,
1717613911.127917,,,,,,,,,,,,,,,,,,,,,,,,,,,,,,,,,32.750000000,0.500000000,-0.250000000,0.000000000
1717613911.174267,-0.002181662,-0.002181662,0.000000000,0.000000000,0.000000000,0.000000000,0.000000000,0.000000000,0.000000000,0.000000000,0.000000000,0.000000000,0.000000000,0.000000000,0.000000000,0.000000000,0.000000000,0.000000000,0.000000000,-0.546684758,0.248249739,-0.959350586,-0.000732422,0.005187988,-32.773949599,0.282104492,0.000000000,0.000000000,0.000000000,0.000000000,0.000000000,0.000000000,,,,
1717613911.175517,,,,,,,,,,,,,,,,,,,,,,,,,,,,,,,,,32.750000000,0.500000000,-0.187500000,0.000000000
1717613911.220465,-0.002181662,-0.004363323,0.000000000,0.000000000,0.000000000,0.000000000,0.000000000,0.000000000,0.000000000,0.000000000,0.000000000,0.000000000,0.000000000,0.000000000,0.000000000,0.000000000,0.000000000,0.000000000,0.000000000,-0.533264731,0.244303005,-0.959350586,-0.000732422,0.005065918,-32.773902158,0.282104492,0.000000000,0.000000000,0.000000000,0.000000000,0.000000000,0.000000000,,,,
1717613911.222164,,,,,,,,,,,,,,,,,,,,,,,,,,,,,,,,,32.750000000,0.500000000,-0.187500000,0.000000000
1717613911.268627,-0.001090831,0.000000000,-0.002181662,0.000000000,0.000000000,0.000000000,0.000000000,0.000000000,0.000000000,0.000000000,0.000000000,0.000000000,0.000000000,0.000000000,0.000000000,0.000000000,0.000000000,0.000000000,0.000000000,-0.526554711,0.242329644,-0.959350586,-0.000732422,0.005004883,-32.773878785,0.282104492,0.000000000,0.000000000,0.000000000,0.000000000,0.000000000,0.000000000,,,,
1717613911.268731,,,,,,,,,,,,,,,,,,,,,,,,,,,,,,,,,32.750000000,0.500000000,-0.187500000,0.000000000
1717613911.316614,-0.004363323,0.002181662,-0.002181662,0.000000000,0.000000000,0.000000000,0.000000000,0.000000000,0.000000000,0.000000000,0.000000000,0.000000000,0.000000000,0.000000000,0.000000000,0.000000000,0.000000000,0.000000000,0.000000000,-0.513134655,0.238382932,-0.959350586,-0.000732422,0.004882813,-32.773832731,0.282104492,0.000000000,0.000000000,0.000000000,0.000000000,0.000000000,0.000000000,,,,
1717613911.317080,,,,,,,,,,,,,,,,,,,,,,,,,,,,,,,,,32.750000000,0.500000000,-0.187500000,0.000000000
1717613911.365478,-0.003272492,-0.002181662,0.000000000,0.000000000,0.000000000,0.000000000,0.000000000,0.000000000,0.000000000,0.000000000,0.000000000,0.000000000,0.000000000,0.000000000,0.000000000,0.000000000,0.000000000,0.000000000,0.000000000,-0.506424619,0.236409582,-0.959350586,-0.000732422,0.004821777,-32.773810051,0.282104492,0.000000000,0.000000000,0.000000000,0.000000000,0.000000000,0.000000000,,,,
1717613911.366877,,,,,,,,,,,,,,,,,,,,,,,,,,,,,,,,,32.750000000,0.500000000,-0.187500000,0.000000000
1717613911.414395,-0.003272492,0.003272492,-0.001090831,0.000000000,0.000000000,0.000000000,0.000000000,0.000000000,0.000000000,0.000000000,0.000000000,0.000000000,0.000000000,0.000000000,0.000000000,0.000000000,0.000000000,0.000000000,0.000000000,-0.493004535,0.232462891,-0.959350586,-0.000732422,0.004699707,-32.773765384,0.282104492,0.000000000,0.000000000,0.000000000,0.000000000,0.000000000,0.000000000,,,,
1717613911.414693,,,,,,,,,,,,,,,,,,,,,,,,,,,,,,,,,32.750000000,0.437500000,-0.187500000,0.000000000
1717613911.462483,0.000000000,-0.002181662,-0.003272492,0.000000000,0.000000000,0.000000000,0.000000000,0.000000000,0.000000000,0.000000000,0.000000000,0.000000000,0.000000000,0.000000000,0.000000000,0.000000000,0.000000000,0.000000000,0.000000000,-0.486294485,0.230489551,-0.959350586,-0.000732422,0.004638672,-32.773743397,0.282104492,0.000000000,0.000000000,0.000000000,0.000000000,0.000000000,0.000000000,,,,
1717613911.463221,,,,,,,,,,,,,,,,,,,,,,,,,,,,,,,,,32.750000000,0.437500000,-0.187500000,0.000000000
1717613911.508206,0.000000000,-0.002181662,-0.002181662,0.000000000,0.000000000,0.000000000,0.000000000,0.000000000,0.000000000,0.000000000,0.000000000,0.000000000,0.000000000,0.000000000,0.000000000,0.000000000,0.000000000,0.000000000,0.000000000,-0.472874373,0.226542881,-0.959350586,-0.000732422,0.004516602,-32.773700117,0.282104492,0.000000000,0.000000000,0.000000000,0.000000000,0.000000000,0.000000000,,,,
1717613911.508877,,,,,,,,,,,,,,,,,,,,,,,,,,,,,,,,,32.750000000,0.437500000,-0.187500000,0.000000000
1717613911.557705,-0.001090831,-0.002181662,0.001090831,0.000000000,0.000000000,0.000000000,0.000000000,0.000000000,0.000000000,0.000000000,0.000000000,0.000000000,0.000000000,0.000000000,0.000000000,0.000000000,0.000000000,0.000000000,0.000000000,-0.466164310,0.224569551,-0.959350586,-0.000732422,0.004455566,-32.773678823,0.282104492,0.000000000,0.000000000,0.000000000,0.000000000,0.000000000,0.000000000,,,,
1717613911.558134,,,,,,,,,,,,,,,,,,,,,,,,,,,,,,,,,32.750000000,0.437500000,-0.187500000,0.000000000
1717613911.606339,0.002181662,-0.005454154,-0.001090831,0.000000000,0.000000000,0.000000000,0.000000000,0.000000000,0.000000000,0.000000000,0.000000000,0.000000000,0.000000000,0.000000000,0.000000000,0.000000000,0.000000000,0.000000000,0.000000000,-0.459454243,0.222596225,-0.959350586,-0.000732422,0.004394531,-32.773657761,0.282104492,0.000000000,0.000000000,0.000000000,0.000000000,0.000000000,0.000000000,,,,
1717613911.606906,,,,,,,,,,,,,,,,,,,,,,,,,,,,,,,,,32.750000000,0.437500000,-0.187500000,0.000000000
1717613911.655499,0.000000000,-0.005454154,0.001090831,0.000000000,0.000000000,0.000000000,0.000000000,0.000000000,0.000000000,0.000000000,0.000000000,0.000000000,0.000000000,0.000000000,0.000000000,0.000000000,0.000000000,0.000000000,0.000000000,-0.446034096,0.218649581,-0.959350586,-0.000732422,0.004272461,-32.773616330,0.282104492,0.000000000,0.000000000,0.000000000,0.000000000,0.000000000,0.000000000,,,,
1717613911.655997,,,,,,,,,,,,,,,,,,,,,,,,,,,,,,,,,32.750000000,0.437500000,-0.187500000,0.000000000
